model,barcode,power,temperature,boundaryPowerMax,boundaryPowerMin,compressorModel,doza,label
416,416100413350024230416,"75,81,87.5,90,90.5,93,92.5",24.9,82.56,98.78,GMCC SZ65F1H,34,1
416,416100413349985380416,"78.5,80.5,82.5,84,86.5,88.5,89,90",22.3,79.23,95.29,GMCC SZ65F1H,34,1
416,416100413349985350416,"71.5,70.5,76,75.5,78.5,78,79,82.5,83",22.0,78.85,94.89,GMCC SZ65F1H,34,1
416,416100413349985330416,"72,79,82,83,84,85,87.5,88",23.1,80.25,96.36,GMCC SZ65F1H,34,1
416,416100413349985320416,"71,76.5,79,80.5,81.5,83.5,84.5,86.5",23.2,80.38,96.5,GMCC SZ65F1H,34,1
416,416100413349985310416,"66.5,70.5,73.5,77,80,83,85.5,86.5",22.0,78.85,94.89,GMCC SZ65F1H,34,1
416,416100413349985300416,"67,74,78,78.5,79.5,80.5,82.5,83.5,86.5",22.1,78.97,95.02,GMCC SZ65F1H,34,1
416,416100413349985290416,"75,79,79.5,80.5,81.5,84,83.5",22.1,78.97,95.02,GMCC SZ65F1H,34,1
416,416100413349985230416,"71,78.5,83,86,87.5,89,90.5,91.5",22.2,79.1,95.15,GMCC SZ65F1H,34,1
416,416100413349985200416,"71.5,78,79,81,83,84.5,85",23.1,80.25,96.36,GMCC SZ65F1H,34,1
416,416100413349985190416,"68,79.5,82,82.5,84,85.5,86.5",22.8,79.87,95.96,GMCC SZ65F1H,34,1
416,416100413349985170416,"77,80,81,82,84.5,86.5,88.5",23.4,80.64,96.76,GMCC SZ65F1H,34,1
416,416100413349985270416,"77.5,79,81.5,83.5,86.5,88,88.5,86",23.3,80.51,96.63,GMCC SZ65F1H,34,1
416,416100413349985150416,"74,79.5,82,83.5,85,86.5,88,90,90",22.3,79.23,95.29,GMCC SZ65F1H,34,1
416,416100413349985090416,"77,80,83.5,83,86.5,86,88.5,90",22.5,79.49,95.56,GMCC SZ65F1H,34,1
416,416100413349985060416,"76,79.5,83.5,85.5,87,90,90.5,89.5",22.5,79.49,95.56,GMCC SZ65F1H,34,1
416,416100413349985050416,"78,80,81.5,84,84.5,85.5,87.5,88.5",23.6,80.89,97.03,GMCC SZ65F1H,34,1
416,416100413349985020416,"73,76,77,80.5,82,83,84.5,85",22.7,79.74,95.82,GMCC SZ65F1H,34,1
416,416100413349985010416,"72.5,77.5,80,81.5,82,82.5,86,84",22.6,79.61,95.69,GMCC SZ65F1H,34,1
416,416100413349985000416,"74.5,77.5,77,82,84,85.5,87,88.5,90",23.1,80.25,96.36,GMCC SZ65F1H,34,1
416,416100413349984850416,"79.5,82,80.5,82.5,83,86,86.5",23.4,80.64,96.76,GMCC SZ65F1H,34,1
416,416100413349984830416,"79.5,79,82,83.5,92.5",23.0,80.13,96.23,GMCC SZ65F1H,34,1
416,416100413349984800416,"79,80.5,82.5,83.5,86,89.5,89,91,92.5",23.0,80.13,96.23,GMCC SZ65F1H,34,1
416,416100413349984770416,"75,78.5,81,84.5,85.5,86.5,87.5,88.5,89",23.1,80.25,96.36,GMCC SZ65F1H,34,1
416,416100413349984760416,"71.5,77.5,82.5,83.5,85,88,87.5,89.5",23.1,80.25,96.36,GMCC SZ65F1H,34,1
416,416100413349984730416,"74.5,76,77,79.5,81,82.5,85",22.9,80.0,96.09,GMCC SZ65F1H,34,1
416,416100413349984680416,"69,78,79.5,81,81.5,82.5,83.5,84.5",22.9,80.0,96.09,GMCC SZ65F1H,34,1
416,416100413349984650416,"73.5,77,80.5,83,83.5,87,89",22.9,80.0,96.09,GMCC SZ65F1H,34,1
416,416100413349984640416,"79,83,87.5,88.5,91,94,92,93,94",24.0,81.41,97.57,GMCC SZ65F1H,34,1
416,416100413349984590416,"80,80.5,84.5,86,88,89.5,90.5",24.3,81.79,97.97,GMCC SZ65F1H,34,1
416,416100413349984580416,"74.5,75,76,78.5,79,80,83.5,83",23.0,80.13,96.23,GMCC SZ65F1H,34,1
416,416100413349984570416,"74.5,77,82.5,86,88,91.5,92,92.5",24.2,81.66,97.84,GMCC SZ65F1H,34,1
416,416100413349984550416,"73.5,78,82,82.5,82,85,86.5,88",23.9,81.28,97.44,GMCC SZ65F1H,34,1
416,416100413349984540416,"75,77,75,79.5,79,81,83",22.9,80.0,96.09,GMCC SZ65F1H,34,1
416,416100413349984510416,"73.5,76,78,80.5,81.5,82,85,85.5",22.9,80.0,96.09,GMCC SZ65F1H,34,1
416,416100413349984490416,"75.5,85.5,87.5,89,91,94.5",23.0,80.13,96.23,GMCC SZ65F1H,34,1
416,416100413349984370416,"75.5,79,80.5,81,82,84,86.5",22.9,80.0,96.09,GMCC SZ65F1H,34,1
416,416100413349984340416,"77,76.5,79.5,81,82,83,85.5,86.5",23.0,80.13,96.23,GMCC SZ65F1H,34,1
416,416100413349984300416,"70.5,77,82,81,84,86,85.5",23.6,80.89,97.03,GMCC SZ65F1H,34,1
416,416100413349984290416,"78,82,85.5,86,88,88.5,91.5,92",23.5,80.77,96.9,GMCC SZ65F1H,34,1
416,416100413349984270416,"71.5,78,82,82.5,84,87,88,87",23.5,80.77,96.9,GMCC SZ65F1H,34,1
416,416100413349984600416,"72,76.5,80,81.5,83,84.5,85.5,86",24.2,81.66,97.84,GMCC SZ65F1H,34,1
416,416100413349984210416,"73.5,75.5,76.5,78.5,79.5,80,81.5,83,85.5",22.9,80.0,96.09,GMCC SZ65F1H,34,1
416,416100413349984190416,"73,76,80,82,82.5,84,87,89.5",23.0,80.13,96.23,GMCC SZ65F1H,34,1
416,416100413349984140416,"76.5,81,84.5,86,87.5,88,90.5,91",24.3,81.79,97.97,GMCC SZ65F1H,34,1
416,416100413349984120416,"80,81,84,85,86,87,87.5,89",24.1,81.54,97.7,GMCC SZ65F1H,34,1
416,416100413349984110416,"73,78,77.5,80,81.5,82.5,84,85.5,86",24.2,81.66,97.84,GMCC SZ65F1H,34,1
416,416100413349984100416,"75.5,77.5,80.5,82.5,84.5,86,89,89.5",24.4,81.92,98.11,GMCC SZ65F1H,34,1
416,416100413349984090416,"71.5,78.5,77,80.5,82,82.5,87,88,88.5,89",24.3,81.79,97.97,GMCC SZ65F1H,34,1
416,416100413349984070416,"73.5,78,81.5,83.5,84,86.5,87.5,88.5",24.2,81.66,97.84,GMCC SZ65F1H,34,1
416,416100413349984500416,"69.5,76,78.5,81.5,82,82.5,83.5,84,85",22.9,80.0,96.09,GMCC SZ65F1H,34,1
416,416100413349984060416,"74.5,80,82.5,84,84.5,88,87.5,89",24.5,82.05,98.24,GMCC SZ65F1H,34,1
416,416100413349984030416,"75.5,77,80,83,84,86.5,88,89.5",24.6,82.18,98.38,GMCC SZ65F1H,34,1
416,416100413349984900416,"76.5,79.5,82.5,84,86.5,87,90,89",23.1,80.25,96.36,GMCC SZ65F1H,34,1
416,416100413349984020416,"74,77.5,81,83.5,85,87.5,88.5",24.2,81.66,97.84,GMCC SZ65F1H,34,1
416,416100413349983990416,"76.5,82.5,84.5,86.5,87.5,88.5,90.5,91",24.6,82.18,98.38,GMCC SZ65F1H,34,1
416,416100413349983960416,"68.5,73,78.5,80.5,81.5,82,85,86",24.2,81.66,97.84,GMCC SZ65F1H,34,1
416,416100413349983950416,"74.5,80,85,87.5,89,91.5,92",24.3,81.79,97.97,GMCC SZ65F1H,34,1
416,416100413349983940416,"70.5,74.5,82.5,85,87,89,90.5,92.5",24.2,81.66,97.84,GMCC SZ65F1H,34,1
416,416100413349983920416,"75,80,84,86,87,88,90,89.5",23.9,81.28,97.44,GMCC SZ65F1H,34,1
416,416100413349983910416,"74.5,80,83.5,85.5,87.5,89,90",24.3,81.79,97.97,GMCC SZ65F1H,34,1
416,416100413349983900416,"74,81,83,85.5,87.5,88,90.5,91,91.5",24.6,82.18,98.38,GMCC SZ65F1H,34,1
416,416100413349983830416,"77,79.5,81,82,85.5,87.5,86.5",24.2,81.66,97.84,GMCC SZ65F1H,34,1
416,416100413349983820416,"80,81.5,83,85,87,88.5,87",24.3,81.79,97.97,GMCC SZ65F1H,34,1
416,416100413349983780416,"74.5,80.5,84,85.5,87.5,89,91.5,90.5",24.2,81.66,97.84,GMCC SZ65F1H,34,1
416,416100413349983750416,"79.5,81.5,84.5,86.5,88,89.5,90.5",24.3,81.79,97.97,GMCC SZ65F1H,34,1
416,416100413349983710416,"74,79,83.5,82,86.5,87,89,91.5",24.2,81.66,97.84,GMCC SZ65F1H,34,1
416,416100413349983620416,"73,79.5,82,84.5,86,87.5,89.5,88.5",24.2,81.66,97.84,GMCC SZ65F1H,34,1
416,416100413349983610416,"72.5,77,82.5,84.5,85.5,88,89.5",24.3,81.79,97.97,GMCC SZ65F1H,34,1
416,416100413349983600416,"73.5,79,84,87.5,89.5,91.5,93.5,93",24.2,81.66,97.84,GMCC SZ65F1H,34,1
416,416100413349983590416,"73.5,77,82.5,85,87.5,88.5,89.5",24.2,81.66,97.84,GMCC SZ65F1H,34,1
416,416100413349983580416,"74,80,85,86.5,87,89.5,92,91.5",24.2,81.66,97.84,GMCC SZ65F1H,34,1
416,416100413349983570416,"73.5,81.5,86,86.5,90,90.5,91.5,92",24.2,81.66,97.84,GMCC SZ65F1H,34,1
416,416100413349983560416,"73.5,77.5,82,84,85.5,86,88,89.5",24.3,81.79,97.97,GMCC SZ65F1H,34,1
416,416100413349983540416,"74,78,78.5,79,80.5,81,82.5,83.5",24.2,81.66,97.84,GMCC SZ65F1H,34,1
416,416100413349983530416,"75,78,82,83,85,86,87,89",24.3,81.79,97.97,GMCC SZ65F1H,34,1
416,416100413349983510416,"74.5,78.5,86,85.5,88.5,88,90.5,91.5,93",24.3,81.79,97.97,GMCC SZ65F1H,34,1
416,416100413349983480416,"74,83,86,87.5,88,92,93,95.5",24.2,81.66,97.84,GMCC SZ65F1H,34,1
416,416100413349983470416,"75,81.5,82,84.5,88,89,89.5",24.3,81.79,97.97,GMCC SZ65F1H,34,1
416,416100413349983450416,"73,77.5,83,83.5,85.5,85,86,87,87.5",24.3,81.79,97.97,GMCC SZ65F1H,34,1
416,416100413349983440416,"75,79.5,83.5,85.5,88,89.5,90.5,92",24.3,81.79,97.97,GMCC SZ65F1H,34,1
416,416100413349983420416,"70.5,75,81.5,85.5,87,88.5,89,90.5",23.4,80.64,96.76,GMCC SZ65F1H,34,1
416,416100413349983410416,"74.5,79.5,84,83.5,86,87,91,89.5",23.3,80.51,96.63,GMCC SZ65F1H,34,1
416,416100413349983400416,"76,83,85,86,87,88.5,90.5,91.5,92.5,93,94",24.3,81.79,97.97,GMCC SZ65F1H,34,1
416,416100413349983380416,"78,77,80,80.5,82.5,83,84.5,84",23.4,80.64,96.76,GMCC SZ65F1H,34,1
416,416100413349983360416,"75,76.5,80.5,81,83,83.5,84.5,86.5",23.4,80.64,96.76,GMCC SZ65F1H,34,1
416,416100413349983350416,"71.5,77,81.5,80.5,82.5,84,85.5,86.5",23.4,80.64,96.76,GMCC SZ65F1H,34,1
416,416100413349983340416,"75,79,82.5,84,84.5,86,87.5,88.5",23.4,80.64,96.76,GMCC SZ65F1H,34,1
416,416100413349983330416,"78.5,81,81.5,83.5,84,89,85.5",23.3,80.51,96.63,GMCC SZ65F1H,34,1
416,416100413349983320416,"79.5,80.5,80,81,82.5,83.5,85.5,85,86.5,87,88.5,88",23.4,80.64,96.76,GMCC SZ65F1H,34,1
416,416100413349983310416,"74,77,80,83.5,84,87.5,89.5,88.5",23.3,80.51,96.63,GMCC SZ65F1H,34,1
416,416100413349983290416,"72,76.5,81.5,84,86,88,89,90",23.4,80.64,96.76,GMCC SZ65F1H,34,1
416,416100413349983280416,"75.5,79.5,81.5,83,85,86.5,87",23.4,80.64,96.76,GMCC SZ65F1H,34,1
416,416100413349983260416,"72,75,81,83.5,85.5,85,86.5,89,90.5",23.4,80.64,96.76,GMCC SZ65F1H,34,1
416,416100413349983230416,"75.5,77,81,82.5,83.5,87,87.5",23.4,80.64,96.76,GMCC SZ65F1H,34,1
416,416100413349983180416,"70.5,77,79,81,82,83.5,86.5,86",23.4,80.64,96.76,GMCC SZ65F1H,34,1
416,416100413349983150416,"72.5,76.5,79.5,81.5,82,83.5,85,87",23.4,80.64,96.76,GMCC SZ65F1H,34,1
416,416100413349983370416,"78.5,81.5,82.5,85,85.5,88,88.5,89",23.3,80.51,96.63,GMCC SZ65F1H,34,1
416,416100413349983130416,"72.5,77,80,81.5,83.5,85,85.5,86",23.4,80.64,96.76,GMCC SZ65F1H,34,1
416,416100413349983090416,"74,77,79.5,80.5,81.5,84.5,83.5",23.3,80.51,96.63,GMCC SZ65F1H,34,1
416,416100413349983070416,"72.5,77.5,78.5,79,81.5,82.5,84,83",22.0,78.85,94.89,GMCC SZ65F1H,34,1
416,416100413349983050416,"76.5,78.5,79,81,82,83,83.5",22.0,78.85,94.89,GMCC SZ65F1H,34,1
416,416100413349984410416,"75,78,79,81,82.5,83.5,86",23.0,80.13,96.23,GMCC SZ65F1H,34,1
416,416100413349982910416,"74.5,77,78,80,82,84,85,86,87",22.0,78.85,94.89,GMCC SZ65F1H,34,1
416,416100413349982870416,"74,79,82.5,86,86.5,89.5,90.5,91.5",22.1,78.97,95.02,GMCC SZ65F1H,34,1
416,416100413349982860416,"77,80,80.5,82.5,83.5,85,87.5,86.5",22.1,78.97,95.02,GMCC SZ65F1H,34,1
416,416100413349982850416,"74,78,81.5,83,84.5,85.5,87.5,88.5",22.1,78.97,95.02,GMCC SZ65F1H,34,1
416,416100413349985070416,"69.5,74.5,81.5,82,83.5,83,84",22.6,79.61,95.69,GMCC SZ65F1H,34,1
416,416100413349982830416,"76,78,80.5,82,83,84,83.5,85,87.5",22.3,79.23,95.29,GMCC SZ65F1H,34,1
416,416100413349982810416,"77,77.5,78,77,80,81,83,82.5",22.0,78.85,94.89,GMCC SZ65F1H,34,1
416,416100413349982800416,"78,78.5,80,81.5,83,83.5,84",22.0,78.85,94.89,GMCC SZ65F1H,34,1
416,416100413349982790416,"76.5,78,79.5,81.5,80.5,83,84,84.5",22.0,78.85,94.89,GMCC SZ65F1H,34,1
416,416100413349982780416,"72.5,74.5,77,78.5,80,81.5,82.5,83.5",22.0,78.85,94.89,GMCC SZ65F1H,34,1
416,416100413349984750416,"75.5,78.5,83.5,84.5,86,89.5,91,89.5",23.4,80.64,96.76,GMCC SZ65F1H,34,1
416,416100413349982730416,"70,75,76,76.5,80,80.5,82,83",22.0,78.85,94.89,GMCC SZ65F1H,34,1
416,416100413349982700416,"72,76,77,76.5,77,78,79",22.0,78.85,94.89,GMCC SZ65F1H,34,1
416,416100413349983520416,"77.5,80,82.5,85.5,85,87.5,90.5,91",24.2,81.66,97.84,GMCC SZ65F1H,34,1
416,416100413349982480416,"73.5,77,79.5,80,80.5,83,84.5,84",22.0,78.85,94.89,GMCC SZ65F1H,34,1
416,416100413349982470416,"71.5,75,77.5,79.5,80,83,84,83.5",22.0,78.85,94.89,GMCC SZ65F1H,34,1
416,416100413349982460416,"80.5,82,81,83,82.5,84.5,88,87,89",22.3,79.23,95.29,GMCC SZ65F1H,34,1
416,416100413349982430416,"71.5,75.5,78.5,80,82,84,85.5,87",22.0,78.85,94.89,GMCC SZ65F1H,34,1
416,416100413349982420416,"77,80,79,80,82,83.5,84",22.0,78.85,94.89,GMCC SZ65F1H,34,1
416,416100413349896660416,"74.5,73,76,78.5,80.5,80,82.5,81.5",19.4,75.52,91.39,GMCC SZ65F1H,34,1
416,416100413349896620416,"71.5,75.5,81,82.5,84,85.5,86,87",18.9,74.87,90.72,GMCC SZ65F1H,34,1
416,416100413349896570416,"75,75.5,77.5,78.5,81,80.5,82,81",19.4,75.52,91.39,GMCC SZ65F1H,34,1
416,416100413349896310416,"71,75,77.5,79.5,79,81.5,82,81.5",18.9,74.87,90.72,GMCC SZ65F1H,34,1
416,416100413349898350416,"74,75,78,80.5,83,84,85,83.5",20.0,76.28,92.2,GMCC SZ65F1H,34,1
416,416100413349896530416,"70.5,75.5,77,79.5,79,81.5,82.5,83",19.4,75.52,91.39,GMCC SZ65F1H,34,1
416,416100413349896480416,"73,75.5,77.5,78.5,80,80.5,81.5,83,82.5",18.7,74.62,90.46,GMCC SZ65F1H,34,1
416,416100242049847880416,"64.5,71.5,76.5,78.5,77,79.5,79,81",15.7,70.78,86.43,GMCC SZ65F1H,34,1
416,416100413349896460416,"71.5,77,77.5,79,81,77",19.2,75.26,91.13,GMCC SZ65F1H,34,1
416,416100413349898490416,"74.5,79.5,81,82,83.5,84,86.5,85.5,86.5,87",19.2,75.26,91.13,GMCC SZ65F1H,34,1
416,416100413349896420416,"71,76,80.5,80,81,81.5,82,81.5",20.3,76.67,92.6,GMCC SZ65F1H,34,1
416,416100413349893540416,"72,77.5,78.5,78,80,81.5,83,84.5",23.1,80.25,96.36,GMCC SZ65F1H,34,1
416,416100413349899680416,"67,69,73,75.5,76,78,78.5",17.2,72.7,88.44,GMCC SZ65F1H,34,1
416,416100413349896390416,"65.5,68,72,75.5,76,79,80.5,81.5",19.0,75.0,90.86,GMCC SZ65F1H,34,1
416,416100413349897590416,"70.5,71,73,74,77,79,81.5,80.5,83",19.7,75.9,91.8,GMCC SZ65F1H,34,1
416,416100413349898290416,"72.5,76,77,79,81,82.5,83.5",19.5,75.64,91.53,GMCC SZ65F1H,34,1
416,416100413349896380416,"70.5,72.5,75,76.5,79,80.5,81.5,82,82.5,84",20.1,76.41,92.33,GMCC SZ65F1H,34,1
416,416100413349895660416,"81.5,82.5,87,85.5,87.5,88,89,91,90.5",20.7,77.18,93.14,GMCC SZ65F1H,34,1
416,416100413349982330416,"74.5,76,78,78.5,77.5,81.5,84,83.5",22.1,78.97,95.02,GMCC SZ65F1H,34,1
416,416100413349896510416,"67,75,75.5,78,79,80,82,84",19.2,75.26,91.13,GMCC SZ65F1H,34,1
416,416100413349897860416,"68.5,72,77,80,82,81.5,83,83.5,84",19.6,75.77,91.66,GMCC SZ65F1H,34,1
416,416100413349894770416,"76,79,83.5,83,86,86.5,88,87",22.1,78.97,95.02,GMCC SZ65F1H,34,1
416,416100413349896180416,"71.5,80,82,83.5,86.5,85,87.5,87",20.3,76.67,92.6,GMCC SZ65F1H,34,1
416,416100413349896090416,"75,79,83,85.5,86,87,89.5,88",19.3,75.39,91.26,GMCC SZ65F1H,34,1
416,416100413349894030416,"76,78.5,80.5,81,81.5,83,84,83",22.1,78.97,95.02,GMCC SZ65F1H,34,1
416,416100413349896070416,"88.5,91,91.5,91,90.5,91.5,89",18.9,74.87,90.72,GMCC SZ65F1H,34,1
416,416100413349895790416,"74,78.5,80,83,86,88,90,89.5",20.7,77.18,93.14,GMCC SZ65F1H,34,1
416,416100413349895420416,"71,74,76.5,79,80,82,83.5,84.5",22.1,78.97,95.02,GMCC SZ65F1H,34,1
416,416100413349985250416,"66.5,71.5,73.5,77.5,79.5,80,81,82.5,82,84.5",22.3,79.23,95.29,GMCC SZ65F1H,34,1
416,416100413349896040416,"74.5,75,81,82.5,84,83.5,86.5,84.5",19.3,75.39,91.26,GMCC SZ65F1H,34,1
416,416100413349896010416,"66.5,70,76,77.5,80,82,84.5,85.5",19.2,75.26,91.13,GMCC SZ65F1H,34,1
416,416100413349893970416,"73,78,80,82,83,85,84.5",22.1,78.97,95.02,GMCC SZ65F1H,34,1
416,416100413349896370416,"74,75.5,80.5,80,82.5,83.5,82.5,85.5,85",20.1,76.41,92.33,GMCC SZ65F1H,34,1
416,416100413349895980416,"71.5,73.5,79,80,81,83.5,84.5,83.5",19.2,75.26,91.13,GMCC SZ65F1H,34,1
416,416100413349895920416,"72.5,76.5,77,80,80.5,81.5,83,84,83",19.2,75.26,91.13,GMCC SZ65F1H,34,1
416,416100413349982540416,"74.5,77.5,77,79,80.5,83,83.5",22.0,78.85,94.89,GMCC SZ65F1H,34,1
416,416100413349895900416,"77,81.5,83.5,84.5,86,88,89.5,91",20.6,77.05,93.01,GMCC SZ65F1H,34,1
416,416100413349896280416,"77,78,79.5,81.5,82.5,84.5,85",19.3,75.39,91.26,GMCC SZ65F1H,34,1
416,416100413349895870416,"71,78,77.5,79.5,82.5,84,85.5,86",19.3,75.39,91.26,GMCC SZ65F1H,34,1
416,416100413349895850416,"69,77,78,79.5,81.5,85,84.5,85",19.2,75.26,91.13,GMCC SZ65F1H,34,1
416,416100413349896350416,"72.5,78.5,79,80.5,81.5,83,83.5,86",19.5,75.64,91.53,GMCC SZ65F1H,34,1
416,416100413349895840416,"74.5,78.5,80.5,83.5,86.5,87",19.3,75.39,91.26,GMCC SZ65F1H,34,1
416,416100413349895830416,"68.5,72.5,76,75,76.5,78,78.5,81",19.1,75.13,90.99,GMCC SZ65F1H,34,1
416,416100413349898410416,"77.5,80,82.5,81.5,83,84.5,85.5,87.5",19.4,75.52,91.39,GMCC SZ65F1H,34,1
416,416100242049847940416,"82.5,85,85.5,83.5,85,83",15.9,71.03,86.7,GMCC SZ65F1H,34,1
416,416100413349898120416,"71,74.5,75,76,77,77.5,79.5,79",18.4,74.23,90.05,GMCC SZ65F1H,34,1
416,416100413349895700416,"73,76,78,78.5,80.5,81.5,84.5,82.5",19.3,75.39,91.26,GMCC SZ65F1H,34,1
416,416100413349895690416,"76.5,80,81.5,83,84.5,87,87.5,89.5",20.7,77.18,93.14,GMCC SZ65F1H,34,1
416,416100413349897660416,"72,76.5,78,80,80.5,82.5,83,82.5",19.9,76.16,92.07,GMCC SZ65F1H,34,1
416,416100413349897870416,"70,76,80,80.5,82.5,83,84,86",19.4,75.52,91.39,GMCC SZ65F1H,34,1
416,416100413349898530416,"72,76.5,79.5,80.5,81.5,83.5,84,82",19.2,75.26,91.13,GMCC SZ65F1H,34,1
416,416100413349899260416,"71.5,76,79.5,78.5,80,83,81,82.5",19.1,75.13,90.99,GMCC SZ65F1H,34,1
416,416100413349895200416,"73.5,76,79,81,84,88.5,85.5",20.7,77.18,93.14,GMCC SZ65F1H,34,1
416,416100413349895240416,"78.5,80.5,84.5,86,89.5,89,90.5,88.5,91",20.9,77.44,93.41,GMCC SZ65F1H,34,1
416,416100413349984960416,"73.5,76.5,79,78,80,82,83",23.0,80.13,96.23,GMCC SZ65F1H,34,1
416,416100413349984690416,"78,81.5,83,84.5,85.5,88,89.5,89",24.3,81.79,97.97,GMCC SZ65F1H,34,1
416,416100413349896020416,"74,75.5,77,78.5,79,80.5,82,83",19.2,75.26,91.13,GMCC SZ65F1H,34,1
416,416100413349895650416,"72.5,76,80,81.5,83,85,87,87.5",20.4,76.8,92.74,GMCC SZ65F1H,34,1
416,416100413349982760416,"74.5,79,78,77,79,80.5,81.5,82.5",22.1,78.97,95.02,GMCC SZ65F1H,34,1
416,416100413349896150416,"67,70,73,74,75.5,76.5,77.5,78",18.6,74.49,90.32,GMCC SZ65F1H,34,1
416,416100413349983800416,"78,80.5,83,85.5,86.5,89,89.5,90.5",24.6,82.18,98.38,GMCC SZ65F1H,34,1
416,416100413349982740416,"76,77.5,79,79.5,82,82.5,85,84",22.0,78.85,94.89,GMCC SZ65F1H,34,1
416,416100413349896230416,"70.5,74,78,81.5,82.5,84,86",18.7,74.62,90.46,GMCC SZ65F1H,34,1
416,416100413349895610416,"73,77.5,79,81.5,83,84.5,86.5",19.2,75.26,91.13,GMCC SZ65F1H,34,1
416,416100413349895570416,"74.5,77.5,78,80,81.5,83.5,85.5,86,87.5,88,88.5",19.2,75.26,91.13,GMCC SZ65F1H,34,1
416,416100413349983270416,"77.5,81.5,86.5,89,90,92,94,93.5",23.4,80.64,96.76,GMCC SZ65F1H,34,1
416,416100413349895860416,"71,75.5,77.5,92",20.7,77.18,93.14,GMCC SZ65F1H,34,1
416,416100413349985280416,"70,75,78.5,80,81,83,86,85,85.5",22.0,78.85,94.89,GMCC SZ65F1H,34,1
416,416100413349896260416,"73,76.5,79.5,80.5,83,83.5,85,86,85",20.3,76.67,92.6,GMCC SZ65F1H,34,1
416,416100413349899560416,"70,74.5,76.5,76,76.5,77,79,78.5",17.2,72.7,88.44,GMCC SZ65F1H,34,1
416,416100413349983880416,"71,74.5,79,80,83.5,84,85.5,88",24.2,81.66,97.84,GMCC SZ65F1H,34,1
416,416100413349983490416,"72.5,75.5,80.5,87.5,88,89,89.5",24.3,81.79,97.97,GMCC SZ65F1H,34,1
416,416100413349895500416,"74,79,84.5,87,88.5,89.5,90",21.4,78.08,94.08,GMCC SZ65F1H,34,1
416,416100413349894750416,"77,78.5,81.5,83.5,86.5,87,88,89",22.0,78.85,94.89,GMCC SZ65F1H,34,1
416,416100413349896490416,"69,73.5,74.5,75,77,78.5,80.5,81.5",18.7,74.62,90.46,GMCC SZ65F1H,34,1
416,416100413349898710416,"69,74,76,74.5,76",17.4,72.95,88.71,GMCC SZ65F1H,34,1
416,416100413349896940416,"66.5,70.5,73.5,75,77,78,80,80.5",17.5,73.08,88.84,GMCC SZ65F1H,34,1
416,416100413349897890416,"73,74.5,82.5,82,83,84.5,86.5,87.5,86.5",19.7,75.9,91.8,GMCC SZ65F1H,34,1
416,416100413349897960416,"74.5,78.5,79,79.5,82,83.5,84.5,83.5",19.5,75.64,91.53,GMCC SZ65F1H,34,1
416,416100413349895470416,"72.5,77.5,79,80,82.5,83.5,86,86.5,87.5,86.5,88.5",19.5,75.64,91.53,GMCC SZ65F1H,34,1
416,416100413349895460416,"69,74.5,79,83.5,84.5,85.5,85,86,89,88",19.2,75.26,91.13,GMCC SZ65F1H,34,1
416,416100413349982660416,"75.5,77,80,81,83,84.5,87,84.5",22.0,78.85,94.89,GMCC SZ65F1H,34,1
416,416100413349896870416,"74.5,78,81,83.5,85,86.5,85.5",19.8,76.03,91.93,GMCC SZ65F1H,34,1
416,416100413349897750416,"72.5,76,78,79.5,80.5,82,83,82.5",19.8,76.03,91.93,GMCC SZ65F1H,34,1
416,416100413349895430416,"74,76,76.5,79,82,83.5,82.5,83.5,84.5",19.4,75.52,91.39,GMCC SZ65F1H,34,1
416,416100413349899610416,"67.5,75.5,72.5,74,76,75,78,78.5,80",17.0,72.44,88.17,GMCC SZ65F1H,34,1
416,416100413349895770416,"78.5,81.5,84.5,86,88,89.5",20.6,77.05,93.01,GMCC SZ65F1H,34,1
416,416100413349984330416,"73,72,75.5,79.5,83,84.5,86.5,85.5,86",23.0,80.13,96.23,GMCC SZ65F1H,34,1
416,416100413349898470416,"72,74,79,78.5,81,80,83,81.5",19.2,75.26,91.13,GMCC SZ65F1H,34,1
416,416100413349895370416,"73.5,79,80.5,83,84.5,85.5,86.5,85.5",22.1,78.97,95.02,GMCC SZ65F1H,34,1
416,416100413349897450416,"78,80,82,84,85,83.5",19.9,76.16,92.07,GMCC SZ65F1H,34,1
416,416100413349895340416,"75.5,80.5,83,85.5,88,88.5,88,90.5",21.4,78.08,94.08,GMCC SZ65F1H,34,1
416,416100413349895310416,"76,78.5,81,82,84,85.5,87.5,87",20.7,77.18,93.14,GMCC SZ65F1H,34,1
416,416100413349896520416,"73,77,82.5,85,85.5,88,88.5,88",19.3,75.39,91.26,GMCC SZ65F1H,34,1
416,416100413349894550416,"71.5,73.5,78,80,82.5,84.5,84",22.1,78.97,95.02,GMCC SZ65F1H,34,1
416,416100413349894500416,"76,78,82.5,86,88.5,91.5,92,91",22.1,78.97,95.02,GMCC SZ65F1H,34,1
416,416100413349895290416,"77,79,82.5,84,86,87.5,87",20.7,77.18,93.14,GMCC SZ65F1H,34,1
416,416100413349895270416,"76.5,79,81,84.5,85,87,89,88,89.5",20.7,77.18,93.14,GMCC SZ65F1H,34,1
416,416100413349895120416,"74,76.5,77.5,79.5,80.5,82.5,85.5,84.5",20.7,77.18,93.14,GMCC SZ65F1H,34,1
416,416100413349895210416,"75,78,81,84,85.5,87.5,88",21.4,78.08,94.08,GMCC SZ65F1H,34,1
416,416100413349898260416,"66,71,75,76.5,78.5,81.5,83,82.5",19.6,75.77,91.66,GMCC SZ65F1H,34,1
416,416100413349895730416,"69,74.5,76,77.5,78,79.5,80,81",19.5,75.64,91.53,GMCC SZ65F1H,34,1
416,416100413349898300416,"72.5,76.5,81,81.5,83,83.5,84.5,86.5",19.5,75.64,91.53,GMCC SZ65F1H,34,1
416,416100413349896190416,"69.5,73.5,77,79,81.5,82,84.5,82",18.7,74.62,90.46,GMCC SZ65F1H,34,1
416,416100413349895090416,"73,74,76.5,78,80.5,81,83,82.5",22.1,78.97,95.02,GMCC SZ65F1H,34,1
416,416100413349894020416,"75,74.5,77,81,83.5,85.5,87,87.5",22.0,78.85,94.89,GMCC SZ65F1H,34,1
416,416100413349897220416,"73.5,79,80.5,77.5,81,82.5,82,83.5,82.5",19.6,75.77,91.66,GMCC SZ65F1H,34,1
416,416100413349896140416,"73,74,75.5,77,77.5,79.5,80.5,82.5",20.3,76.67,92.6,GMCC SZ65F1H,34,1
416,416100413349982260416,"74,79,80,82.5,84,86,87,89",22.2,79.1,95.15,GMCC SZ65F1H,34,1
416,416100413349983970416,"73,79,78.5,86.5,87.5,89.5,89,92,93.5",24.2,81.66,97.84,GMCC SZ65F1H,34,1
416,416100413349896550416,"73.5,79,82,86,86.5,88.5,89",19.4,75.52,91.39,GMCC SZ65F1H,34,1
416,416100413349895960416,"70,75.5,79.5,80,81.5,83,84,85,84.5",19.5,75.64,91.53,GMCC SZ65F1H,34,1
416,416100413349894380416,"74,77,77.5,80,81.5,81",22.1,78.97,95.02,GMCC SZ65F1H,34,1
416,416100413349984940416,"77,76.5,74.5,79,81,82.5,83.5,84.5,83.5,85,86",22.6,79.61,95.69,GMCC SZ65F1H,34,1
416,416100413349894080416,"68.5,72,80.5,83.5,84,87.5,88.5,88",22.0,78.85,94.89,GMCC SZ65F1H,34,1
416,416100413349896330416,"72,74,78,79,80.5,81.5,84,82.5",19.3,75.39,91.26,GMCC SZ65F1H,34,1
416,416100413349893560416,"76.5,79.5,81,82,84.5,87,86.5,88",23.1,80.25,96.36,GMCC SZ65F1H,34,1
416,416100413349895040416,"72.5,77.5,79.5,81,83,84,84.5",20.7,77.18,93.14,GMCC SZ65F1H,34,1
416,416100413349896820416,"73.5,78.5,79.5,81,82,83.5",17.5,73.08,88.84,GMCC SZ65F1H,34,1
416,416100413349893570416,"73.5,80,81.5,82.5,84,86,87,88.5",23.2,80.38,96.5,GMCC SZ65F1H,34,1
416,416100413349894620416,"71,76.5,78.5,81.5,84.5,85,86.5,89,90",22.1,78.97,95.02,GMCC SZ65F1H,34,1
416,416100413349893500416,"71,75,76.5,78.5,79.5,83,82.5,82",23.1,80.25,96.36,GMCC SZ65F1H,34,1
416,416100413349894120416,"69,74,73,76,78,79,81,83.5,81.5",21.8,78.59,94.62,GMCC SZ65F1H,34,1
416,416100413349983980416,"77,81,82.5,86.5,89,90,93,95",24.3,81.79,97.97,GMCC SZ65F1H,34,1
416,416100413349898080416,"74,77.5,79.5,80.5,81.5,82,84,82.5",20.0,76.28,92.2,GMCC SZ65F1H,34,1
416,416100413349893890416,"75.5,77,80,83.5,84,86,86.5",22.1,78.97,95.02,GMCC SZ65F1H,34,1
416,416100413349896050416,"67.5,72,77,80,81,83.5,85.5,86",19.1,75.13,90.99,GMCC SZ65F1H,34,1
416,416100413349893580416,"78.5,82,82.5,81,83,85,86.5,89",22.2,79.1,95.15,GMCC SZ65F1H,34,1
416,416100413349893610416,"72,74,75.5,77,79.5,82,82.5,84,84.5",23.1,80.25,96.36,GMCC SZ65F1H,34,1
416,416100413349895080416,"74,79,82,84.5,85.5,87.5,88,87.5",20.7,77.18,93.14,GMCC SZ65F1H,34,1
416,416100413349894450416,"71.5,76,76.5,75.5,78.5,80.5,82,81.5",22.1,78.97,95.02,GMCC SZ65F1H,34,1
416,416100413349984170416,"72.5,77,80.5,81.5,83,84.5,87.5,86",24.2,81.66,97.84,GMCC SZ65F1H,34,1
416,416100413349896400416,"71.5,75.5,76,80,79.5,81.5,83.5,85.5,86.5,86",20.0,76.28,92.2,GMCC SZ65F1H,34,1
416,416100413349895640416,"72.5,79,82.5,85,87,89.5",20.4,76.8,92.74,GMCC SZ65F1H,34,1
416,416100413349896640416,"75.5,80,79.5,81.5,83.5,84,85",18.8,74.75,90.59,GMCC SZ65F1H,34,1
416,416100413349899470416,"65.5,71,73.5,76.5,77.5,80,81,80",17.8,73.47,89.25,GMCC SZ65F1H,34,1
416,416100413349893870416,"79.5,78.5,83,84,87.5,88,89.5,89",22.1,78.97,95.02,GMCC SZ65F1H,34,1
416,416100413349898010416,"73.5,77,79.5,80,80.5,82,83.5,83",19.5,75.64,91.53,GMCC SZ65F1H,34,1
416,416100413349896210416,"65,68,70.5,76,77,78.5,77.5",19.0,75.0,90.86,GMCC SZ65F1H,34,1
416,416100413349893900416,"69,75,81,83,84,86,87",22.1,78.97,95.02,GMCC SZ65F1H,34,1
416,416100413349893850416,"77,80.5,85.5,87,88,90,93,92",22.1,78.97,95.02,GMCC SZ65F1H,34,1
416,416100413349896320416,"73,78.5,79,83,84,86,88,87.5",20.3,76.67,92.6,GMCC SZ65F1H,34,1
416,416100413349895490416,"76,81,85,87.5,88.5,89.5,91.5,93",21.4,78.08,94.08,GMCC SZ65F1H,34,1
416,416100413349893460416,"77,80.5,83,85.5,89.5,90",23.0,80.13,96.23,GMCC SZ65F1H,34,1
416,416100413349893830416,"75.5,81.5,85,88,90,92,93.5,94",22.1,78.97,95.02,GMCC SZ65F1H,34,1
416,416100413349893490416,"72.5,76.5,78,81,80,84,83.5,85",23.1,80.25,96.36,GMCC SZ65F1H,34,1
416,416100413349899310416,"70.5,72,71.5,72.5,74.5,75.5,76.5",16.7,72.06,87.77,GMCC SZ65F1H,34,1
416,416100413349893710416,"73.5,79,82,84,85,86.5,87,88.5,88,87.5,88.5,89,90.5",22.3,79.23,95.29,GMCC SZ65F1H,34,1
416,416100413349898440416,"66.5,70.5,76,77,79.5,82,81.5",18.9,74.87,90.72,GMCC SZ65F1H,34,1
416,416100413349894170416,"76,77.5,79,79.5,82.5,84,86.5,87,86.5,88",22.0,78.85,94.89,GMCC SZ65F1H,34,1
416,416100413349899570416,"68.5,72,75.5,75,73,74,76,75.5",15.9,71.03,86.7,GMCC SZ65F1H,34,1
416,416100413349896060416,"72,76,78,79,81.5,81,82",19.0,75.0,90.86,GMCC SZ65F1H,34,1
416,416100413349895630416,"76,78.5,84,86,89,90,92.5,93",21.3,77.95,93.95,GMCC SZ65F1H,34,1
416,416100413349894610416,"76.5,79,83,85,85.5,86.5,87,88.5,89.5",22.1,78.97,95.02,GMCC SZ65F1H,34,1
416,416100413349894070416,"77,77.5,81,83,85,87,88.5,87",22.1,78.97,95.02,GMCC SZ65F1H,34,1
416,416100413349894270416,"72,77.5,79,81,81.5,85,86",22.1,78.97,95.02,GMCC SZ65F1H,34,1
416,416100413349984240416,"73,78,79.5,80,82,85,86.5",22.9,80.0,96.09,GMCC SZ65F1H,34,1
416,416100413349895930416,"78.5,80,82.5,83,85.5,86.5,88.5,89.5,89",20.6,77.05,93.01,GMCC SZ65F1H,34,1
416,416100413349896250416,"74.5,79,81.5,84,83.5,83",18.7,74.62,90.46,GMCC SZ65F1H,34,1
416,416100413349894630416,"77,77.5,78.5,82,84,85.5,87.5",22.1,78.97,95.02,GMCC SZ65F1H,34,1
416,416100413349899150416,"82.5,85.5,83.5,84,82.5,84.5,82.5",16.9,72.31,88.04,GMCC SZ65F1H,34,1
416,416100413349898270416,"72,76,76.5,77.5,78,79.5,80.5,81",20.0,76.28,92.2,GMCC SZ65F1H,34,1
416,416100413349896000416,"73.5,78,80,83,84.5,86.5,87.5",20.7,77.18,93.14,GMCC SZ65F1H,34,1
416,416100413349894690416,"71.5,80.5,83,84.5,86,86.5,87,89,88,89,89.5,89,90,90.5,89.5",22.3,79.23,95.29,GMCC SZ65F1H,34,1
416,416100413349895880416,"75,76,75,76,76.5,79.5,80.5,81,83,83.5",19.2,75.26,91.13,GMCC SZ65F1H,34,1
416,416100413349897100416,"73,77,81,82,83.5,85.5,87,86.5",19.6,75.77,91.66,GMCC SZ65F1H,34,1
416,416100413349895740416,"74,78,80.5,81,81.5,84,85,87",20.6,77.05,93.01,GMCC SZ65F1H,34,1
416,416100413349894280416,"75,74.5,79.5,77.5,83,83.5,84,85.5,86.5",21.4,78.08,94.08,GMCC SZ65F1H,34,1
416,416100413349893450416,"78,76,76.5,81.5,81,83.5,85,86",22.1,78.97,95.02,GMCC SZ65F1H,34,1
416,416100413349899220416,"71,74.5,78.5,79,80,81.5",16.8,72.18,87.9,GMCC SZ65F1H,34,1
416,416100413349897570416,"72,75.5,76.5,78,79,81,81.5,81",19.7,75.9,91.8,GMCC SZ65F1H,34,1
416,416100413349895820416,"71,73.5,76.5,80.5,81.5,83.5,85.5,84.5",19.3,75.39,91.26,GMCC SZ65F1H,34,1
416,416100413349893700416,"70.5,73.5,78.5,79,82,85,84,85.5",23.1,80.25,96.36,GMCC SZ65F1H,34,1
416,416100413349895620416,"77,78.5,80,81.5,80,82.5,84.5,85,87,86.5,88,88.5",19.6,75.77,91.66,GMCC SZ65F1H,34,1
416,416100413349894040416,"77,79.5,82,83,84.5,84,85.5,86.5",22.1,78.97,95.02,GMCC SZ65F1H,34,1
416,416100242049849780416,"69.5,72,71.5,72.5,73,74,75,75.5,77.5,78.5,77.5",16.4,71.67,87.37,GMCC SZ65F1H,34,1
416,416100413349894010416,"70.5,73.5,73,75,78,80.5,82,82.5,83,83.5,85",21.9,78.72,94.75,GMCC SZ65F1H,34,1
416,416100413349894050416,"80.5,82,84.5,86.5,87",22.0,78.85,94.89,GMCC SZ65F1H,34,1
416,416100413349894730416,"75,78.5,80.5,82,84,86.5,87.5,87",20.7,77.18,93.14,GMCC SZ65F1H,34,1
416,416100413349894180416,"76,77,80.5,81.5,83,84.5,85,86.5",21.4,78.08,94.08,GMCC SZ65F1H,34,1
416,416100413349982340416,"77,78,79,80,81,83.5,84.5,85",22.3,79.23,95.29,GMCC SZ65F1H,34,1
416,416100413349895530416,"71.5,78,80,82.5,86.5,87,89.5,90.5,92",21.4,78.08,94.08,GMCC SZ65F1H,34,1
416,416100413349984080416,"76.5,79.5,85,86,87.5,86.5,90",23.9,81.28,97.44,GMCC SZ65F1H,34,1
416,416100413349893980416,"74,80.5,81,85.5,87,88.5,89.5,89",23.7,81.02,97.17,GMCC SZ65F1H,34,1
416,416100413349898370416,"71,74,77.5,79.5,81,83,85,85.5",19.0,75.0,90.86,GMCC SZ65F1H,34,1
416,416100413349895520416,"76,77.5,80,81,80.5,82.5,83.5,83,84,84.5",19.4,75.52,91.39,GMCC SZ65F1H,34,1
416,416100413349897560416,"69.5,74.5,77.5,80,81,82.5,84.5,83",19.7,75.9,91.8,GMCC SZ65F1H,34,1
416,416100413349898110416,"75.5,78.5,80,82,81.5,83,82.5",18.4,74.23,90.05,GMCC SZ65F1H,34,1
416,416100413349895720416,"78,79,75.5,80,81,82,82.5,84,85",19.3,75.39,91.26,GMCC SZ65F1H,34,1
416,416100413349894140416,"78,78.5,80.5,84,83.5,84.5,85,85.5",22.1,78.97,95.02,GMCC SZ65F1H,34,1
416,416100413349985220416,"72,75.5,80,81.5,82.5,84,85,84.5",22.5,79.49,95.56,GMCC SZ65F1H,34,1
416,416100413349983430416,"74.5,80,83,84.5,87,89,91.5,91",24.3,81.79,97.97,GMCC SZ65F1H,34,1
416,416100413349982980416,"71,68.5,70.5,73.5,77.5,78.5,81.5,82.5",21.9,78.72,94.75,GMCC SZ65F1H,34,1
416,416100413349896240416,"74.5,76,79.5,80.5,81,83,83.5",18.7,74.62,90.46,GMCC SZ65F1H,34,1
416,416100413349895710416,"71.5,76,78.5,80.5,82,82.5,83,84.5,85",20.7,77.18,93.14,GMCC SZ65F1H,34,1
416,416100413349893660416,"72,78,81,83,84,86,85,86.5,89.5",23.2,80.38,96.5,GMCC SZ65F1H,34,1
416,416100413349897770416,"75.5,78.5,81,81.5,82.5,84.5,86,85.5",19.6,75.77,91.66,GMCC SZ65F1H,34,1
416,416100413349894920416,"74.5,75.5,78.5,79.5,82,81.5,83,84,83.5",20.7,77.18,93.14,GMCC SZ65F1H,34,1
416,416100413349896920416,"74.5,77.5,78,79,80,81.5,82.5,82",17.6,73.21,88.98,GMCC SZ65F1H,34,1
416,416100413349893550416,"75.5,76.5,79,81,81.5,82.5,83.5,82.5",22.2,79.1,95.15,GMCC SZ65F1H,34,1
416,416100413349896740416,"72.5,75,80,81.5,83,83.5,84.5,85.5,86.5",20.7,77.18,93.14,GMCC SZ65F1H,34,1
416,416100413349894260416,"76,81,95",22.3,79.23,95.29,GMCC SZ65F1H,34,1
416,416100413349894710416,"77.5,78.5,80.5,82,82.5,84,84.5,86.5,86",20.7,77.18,93.14,GMCC SZ65F1H,34,1
416,416100413349896300416,"72.5,79,81,81.5,84,85.5,86,87,86.5,87.5,89",20.3,76.67,92.6,GMCC SZ65F1H,34,1
416,416100413349896750416,"74.5,75,78,79,80.5,81,82.5,83",19.3,75.39,91.26,GMCC SZ65F1H,34,1
416,416100413349897280416,"74,79,80,80.5,82.5,84,82",19.6,75.77,91.66,GMCC SZ65F1H,34,1
416,416100413349894930416,"77,78.5,81,81.5,82.5,84,85,86",22.0,78.85,94.89,GMCC SZ65F1H,34,1
416,416100413349893920416,"77,78,79.5,81,82,85,84.5,86.5,86,86.5",22.1,78.97,95.02,GMCC SZ65F1H,34,1
416,416100413349894850416,"73,80,82,83,83.5,86.5,87,88,88.5,90.5",20.6,77.05,93.01,GMCC SZ65F1H,34,1
416,416100413349983500416,"77.5,83.5,85.5,88,90,91.5,93.5,94.5",24.2,81.66,97.84,GMCC SZ65F1H,34,1
416,416100413349896700416,"74.5,78,80,82,84.5,85.5,86.5",19.0,75.0,90.86,GMCC SZ65F1H,34,1
416,416100413349984700416,"70.5,77,80.5,83.5,84,86,85.5,86.5",22.9,80.0,96.09,GMCC SZ65F1H,34,1
416,416100413349897180416,"75,76.5,82,80,83.5,83,84.5,83.5",19.5,75.64,91.53,GMCC SZ65F1H,34,1
416,416100413349984440416,"74.5,76.5,77,79.5,80,81,82,84.5",22.9,80.0,96.09,GMCC SZ65F1H,34,1
416,416100413349895140416,"77,80.5,82.5,85,84,88,87",20.6,77.05,93.01,GMCC SZ65F1H,34,1
416,416100413349982450416,"73.5,78,78.5,79,82,84.5,85.5,85",22.1,78.97,95.02,GMCC SZ65F1H,34,1
416,416100413349893810416,"75,81.5,85.5,87,90.5,90,91",22.2,79.1,95.15,GMCC SZ65F1H,34,1
416,416100413349898930416,"67.5,70,75,77,78,80.5,80",17.8,73.47,89.25,GMCC SZ65F1H,34,1
416,416100413349895450416,"73.5,76.5,80,81,83.5,84,85.5,85",20.7,77.18,93.14,GMCC SZ65F1H,34,1
416,416100413349899930416,"72,73,74,76,76.5,78.5,78",16.8,72.18,87.9,GMCC SZ65F1H,34,1
416,416100413349893840416,"74.5,78.5,80.5,82,83.5,85,86.5,87",22.1,78.97,95.02,GMCC SZ65F1H,34,1
416,416100413349893730416,"73,80.5,83,84.5,85.5,86,86.5,88.5,90.5",22.3,79.23,95.29,GMCC SZ65F1H,34,1
416,416100413349984000416,"74.5,77.5,82,82.5,84,86,87,87.5",24.3,81.79,97.97,GMCC SZ65F1H,34,1
416,416100413349894510416,"77,79.5,82,83,84,85.5,87,87.5",21.2,77.82,93.81,GMCC SZ65F1H,34,1
416,416100413349896270416,"74.5,78,81,78.5,79,80.5,82.5,83",18.8,74.75,90.59,GMCC SZ65F1H,34,1
416,416100413349893780416,"70.5,76,77.5,78.5,79.5,81.5,83.5,84.5",23.1,80.25,96.36,GMCC SZ65F1H,34,1
416,416100413349893960416,"78,80,82.5,84.5,85,86.5,88.5,87.5",22.0,78.85,94.89,GMCC SZ65F1H,34,1
416,416100413349893950416,"71.5,78,75,79,81,83,82.5,83.5,84.5",22.2,79.1,95.15,GMCC SZ65F1H,34,1
416,416100413349893510416,"75,77.5,81,81.5,82,83.5,85",22.2,79.1,95.15,GMCC SZ65F1H,34,1
416,416100413349893590416,"70,74.5,78,81,83,86,88",23.1,80.25,96.36,GMCC SZ65F1H,34,1
416,416100413349894190416,"73.5,76.5,76,82,83,84.5,86,87,89",21.4,78.08,94.08,GMCC SZ65F1H,34,1
416,416100413349895320416,"77.5,79.5,81,84,86,89,89.5,88",22.1,78.97,95.02,GMCC SZ65F1H,34,1
416,416100413349895400416,"70,73,75.5,77,80.5,79,80.5,82,81.5,82,83.5,84,83.5,84.5,85.5,86.5,86,86.5",20.7,77.18,93.14,GMCC SZ65F1H,34,1
416,416100413349894200416,"72.5,78.5,82.5,83.5,84.5,85.5,86.5,87",21.4,78.08,94.08,GMCC SZ65F1H,34,1
416,416100413349893800416,"72.5,75.5,77,79.5,81,81.5,82.5,85.5",23.1,80.25,96.36,GMCC SZ65F1H,34,1
416,416100413349894480416,"69.5,77.5,79.5,82,84,85,86,87.5",22.4,79.36,95.42,GMCC SZ65F1H,34,1
416,416100413349894790416,"73.5,77.5,80,81,82,83.5,85,84.5",22.1,78.97,95.02,GMCC SZ65F1H,34,1
416,416100413349982180416,"76.5,78.5,80.5,82,84.5,86,86.5",22.2,79.1,95.15,GMCC SZ65F1H,34,1
416,416100413349896290416,"73.5,77,79,80.5,82,82.5,83,84,84.5,85",19.5,75.64,91.53,GMCC SZ65F1H,34,1
416,416100413349983550416,"70.5,76.5,82,86.5,88.5,92,93.5,94",24.4,81.92,98.11,GMCC SZ65F1H,34,1
416,416100413349895580416,"76,79.5,82,84,86.5,87,88.5,88",21.3,77.95,93.95,GMCC SZ65F1H,34,1
416,416100413349895780416,"77.5,81.5,83,85.5,84.5,89,87",20.7,77.18,93.14,GMCC SZ65F1H,34,1
416,416100413349894330416,"82,83.5,86,88,88.5,88,88.5,89.5,90,90.5",22.4,79.36,95.42,GMCC SZ65F1H,34,1
416,416100413349894150416,"71,76,78,76,78,79.5,80,81.5,82.5,82,82.5,82,83.5,84,83.5,84.5,85,84.5,85,86,85.5,86.5",21.4,78.08,94.08,GMCC SZ65F1H,34,1
416,416100413349985370416,"73.5,74.5,78.5,79.5,81,82.5,83.5,84.5,86.5",23.2,80.38,96.5,GMCC SZ65F1H,34,1
416,416100413349898830416,"70.5,74.5,79.5,78.5,79,80,82,81",18.3,74.11,89.92,GMCC SZ65F1H,34,1
416,416100413349896590416,"67.5,72,76,78,79.5,82,81",19.4,75.52,91.39,GMCC SZ65F1H,34,1
416,416100413349897670416,"74,73,75.5,78,79,82.5,82,83.5",19.5,75.64,91.53,GMCC SZ65F1H,34,1
416,416100413349897700416,"72.5,76.5,79.5,79,80.5,81,83,84.5",19.5,75.64,91.53,GMCC SZ65F1H,34,1
416,416100413349895810416,"69,74,78,79,81.5,83,86,82.5,84.5",19.2,75.26,91.13,GMCC SZ65F1H,34,1
416,416100413349894440416,"72.5,74,76,80,81.5,83.5,83,86,87",21.9,78.72,94.75,GMCC SZ65F1H,34,1
416,416100413349984420416,"73.5,78.5,81.5,82,85,82.5,86.5,85",23.7,81.02,97.17,GMCC SZ65F1H,34,1
416,416100413349895150416,"74.5,77,82,84.5,85,85.5,86.5,88,89,90.5",19.8,76.03,91.93,GMCC SZ65F1H,34,1
416,416100413349895600416,"70.5,76.5,80,81.5,83,84,84.5,87,86,87.5",19.3,75.39,91.26,GMCC SZ65F1H,34,1
416,416100413349894470416,"73,76.5,78.5,80,79.5,81,82,84",22.1,78.97,95.02,GMCC SZ65F1H,34,1
416,416100413349898820416,"68,73.5,78,77.5,79.5,82,81,82,83,84.5",19.2,75.26,91.13,GMCC SZ65F1H,34,1
416,416100413349894220416,"75.5,81.5,80.5,82,82.5,84.5,85.5,86.5",22.1,78.97,95.02,GMCC SZ65F1H,34,1
416,416100413349893470416,"74.5,79.5,82,82.5,84,85,85.5,86,87",23.2,80.38,96.5,GMCC SZ65F1H,34,1
416,416100413349894810416,"75,78,81.5,82.5,83.5,86,86.5,87.5",22.1,78.97,95.02,GMCC SZ65F1H,34,1
416,416100413349897780416,"75.5,79,79.5,78,79.5,81.5,83,83.5",19.4,75.52,91.39,GMCC SZ65F1H,34,1
416,416100413349896030416,"73,77,78.5,83,84.5,83.5,85,84.5",19.1,75.13,90.99,GMCC SZ65F1H,34,1
416,416100413349897610416,"80,82,80.5,81.5,82,83.5,84.5",19.7,75.9,91.8,GMCC SZ65F1H,34,1
416,416100413349894840416,"81,79,81.5,83.5,85.5,84.5,86,86.5",21.3,77.95,93.95,GMCC SZ65F1H,34,1
416,416100413349893760416,"68,74.5,78,80.5,83,85.5,84,88",23.1,80.25,96.36,GMCC SZ65F1H,34,1
416,416100413349898460416,"76.5,78.5,83.5,82.5,85.5,87,86",19.2,75.26,91.13,GMCC SZ65F1H,34,1
416,416100413349893790416,"73,79,81.5,83.5,86.5,87,88.5,90",22.2,79.1,95.15,GMCC SZ65F1H,34,1
416,416100413349894520416,"77,80,81,83,84.5,86,85,87.5,88",21.4,78.08,94.08,GMCC SZ65F1H,34,1
416,416100413349898480416,"74.5,75.5,79.5,81.5,81,83.5,82",19.2,75.26,91.13,GMCC SZ65F1H,34,1
416,416100413349894600416,"75.5,81.5,84.5,85.5,88,89.5,91",21.4,78.08,94.08,GMCC SZ65F1H,34,1
416,416100413349984980416,"77,78.5,82,83.5,84.5,87.5,89",22.5,79.49,95.56,GMCC SZ65F1H,34,1
416,416100413349894880416,"73.5,79.5,83.5,86.5,89,90.5,92,93,92",21.4,78.08,94.08,GMCC SZ65F1H,34,1
416,416100413349895110416,"72.5,90.5",20.6,77.05,93.01,GMCC SZ65F1H,34,1
416,416100413349894250416,"74,76.5,80,81.5,83.5,84,86,85.5",21.3,77.95,93.95,GMCC SZ65F1H,34,1
416,416100413349896500416,"76,74.5,79.5,82.5,85,84.5,86,85.5,87",18.8,74.75,90.59,GMCC SZ65F1H,34,1
416,416100413349894530416,"75,79,82.5,87,88,90,89",20.8,77.31,93.27,GMCC SZ65F1H,34,1
416,416100413349983170416,"75,76.5,79.5,81,83,84.5,87,86",23.4,80.64,96.76,GMCC SZ65F1H,34,1
416,416100413349897490416,"66,68.5,72.5,76.5,79,81,81.5",16.5,71.8,87.5,GMCC SZ65F1H,34,1
416,416100413349898420416,"72,75.5,79,81,82.5,84.5,86,86.5",19.2,75.26,91.13,GMCC SZ65F1H,34,1
416,416100413349894640416,"71.5,83,84.5,85,86.5,88,86.5,89",22.3,79.23,95.29,GMCC SZ65F1H,34,1
416,416100413349896930416,"69.5,73.5,76,79.5,81,81.5,84,83.5",17.6,73.21,88.98,GMCC SZ65F1H,34,1
416,416100413349895510416,"70.5,76.5,74,75.5,77.5,83,85.5,88.5",20.4,76.8,92.74,GMCC SZ65F1H,34,1
416,416100413349897630416,"72.5,78,81.5,81,82.5,82,83",19.7,75.9,91.8,GMCC SZ65F1H,34,1
416,416100413349894660416,"72,77,81,82,85,86.5,88,87",22.1,78.97,95.02,GMCC SZ65F1H,34,1
416,416100413349983630416,"73,76,81,84,86,88.5,90,92",24.2,81.66,97.84,GMCC SZ65F1H,34,1
416,416100413349897140416,"69.5,74,76.5,79,79.5,81.5,83.5,82.5",19.6,75.77,91.66,GMCC SZ65F1H,34,1
416,416100413349895100416,"75,79,84.5,86.5,87,88,89,89.5,90.5,90,91,90,91,91.5",20.7,77.18,93.14,GMCC SZ65F1H,34,1
416,416100413349896430416,"72.5,77,79,81,85.5,87,86.5",19.3,75.39,91.26,GMCC SZ65F1H,34,1
416,416100413349894860416,"72,80,83,84.5,85,86.5,89,88.5",21.3,77.95,93.95,GMCC SZ65F1H,34,1
416,416100413349895380416,"74,77.5,83.5,85.5,87,88.5,90.5,92",21.2,77.82,93.81,GMCC SZ65F1H,34,1
416,416100413349984480416,"74,79,80.5,80,79.5,80.5,82.5,83.5",22.9,80.0,96.09,GMCC SZ65F1H,34,1
416,416100413349983040416,"77.5,79,78.5,80.5,81,82,84.5",22.0,78.85,94.89,GMCC SZ65F1H,34,1
416,416100413349894590416,"72,76,78.5,80.5,80,81.5,82.5,83.5,84",22.1,78.97,95.02,GMCC SZ65F1H,34,1
416,416100413349893750416,"74.5,79.5,83,83.5,84.5,86,87.5,88.5,91",23.2,80.38,96.5,GMCC SZ65F1H,34,1
416,416100413349893910416,"74.5,78,80.5,83.5,85,87.5,88.5,87",22.1,78.97,95.02,GMCC SZ65F1H,34,1
416,416100413349896730416,"78,76.5,79.5,83.5,82,85,85.5",19.4,75.52,91.39,GMCC SZ65F1H,34,1
416,416100413349895030416,"75.5,78.5,80,81,82,83,83.5,84.5,85.5",22.0,78.85,94.89,GMCC SZ65F1H,34,1
416,416100413349894800416,"74.5,77.5,82,84,85,86.5,89.5,88.5",22.1,78.97,95.02,GMCC SZ65F1H,34,1
416,416100413349984560416,"73.5,78.5,82.5,83.5,86,86.5,88,89.5",24.3,81.79,97.97,GMCC SZ65F1H,34,1
416,416100413349982280416,"78.5,78,80.5,84,82.5,84.5,85,87,86.5,87.5",22.3,79.23,95.29,GMCC SZ65F1H,34,1
416,416100413349894830416,"77,82.5,86,89.5,90.5,94,94.5,94",22.1,78.97,95.02,GMCC SZ65F1H,34,1
416,416100413349897250416,"76.5,74,76.5,79,80,82.5,83",19.6,75.77,91.66,GMCC SZ65F1H,34,1
416,416100413349894580416,"79,80.5,81,83.5,84,85,85.5,87,88,89,89.5",22.1,78.97,95.02,GMCC SZ65F1H,34,1
416,416100413349983390416,"70,79,80,82,82.5,84,85.5,85,86,87,88",23.3,80.51,96.63,GMCC SZ65F1H,34,1
416,416100413349895890416,"73,77,78.5,80.5,81.5,84.5,84,85,85.5",20.7,77.18,93.14,GMCC SZ65F1H,34,1
416,416100413349899360416,"69,69.5,71,73,72.5,74,75,75.5",16.8,72.18,87.9,GMCC SZ65F1H,34,1
416,416100413349894970416,"94.5,96,94,95.5,94.5,94,94.5,93",20.6,77.05,93.01,GMCC SZ65F1H,34,1
416,416100413349894980416,"71.5,77.5,81.5,83.5,84.5,86,87,88,87.5,88",21.3,77.95,93.95,GMCC SZ65F1H,34,1
416,416100413349895000416,"76.5,78.5,80,81,83,84.5,85,84.5,88,88.5",21.0,77.56,93.54,GMCC SZ65F1H,34,1
416,416100413349985240416,"74,76.5,78.5,80,82,83,84,84.5,84,85.5,86,87",22.6,79.61,95.69,GMCC SZ65F1H,34,1
416,416100413349895050416,"77.5,78.5,80,81,81.5,83.5,85,86",20.7,77.18,93.14,GMCC SZ65F1H,34,1
416,416100413349896360416,"70.5,75,82.5,83.5,85.5,86,86.5,87",19.3,75.39,91.26,GMCC SZ65F1H,34,1
416,416100413349895540416,"73.5,76.5,78.5,80.5,79.5,80",19.3,75.39,91.26,GMCC SZ65F1H,34,1
416,416100413349900420416,"73.5,73,75.5,74.5,76,77,80,79.5",16.9,72.31,88.04,GMCC SZ65F1H,34,1
416,416100413349985180416,"72.5,76.5,80.5,83.5,85.5,86,86.5",22.5,79.49,95.56,GMCC SZ65F1H,34,1
416,416100413349895230416,"74,79,93.5",21.4,78.08,94.08,GMCC SZ65F1H,34,1
416,416100413349984610416,"76,82,84,85,86.5,87,90,91",24.3,81.79,97.97,GMCC SZ65F1H,34,1
416,416100413349895060416,"76,78,79,81,83,83.5,85.5,85",20.3,76.67,92.6,GMCC SZ65F1H,34,1
416,416100413349895440416,"72.5,76.5,78.5,79,81.5,84,85,83.5",19.6,75.77,91.66,GMCC SZ65F1H,34,1
416,416100413349895130416,"69,73,76.5,77.5,79.5,80.5,82.5,84,84.5",22.3,79.23,95.29,GMCC SZ65F1H,34,1
416,416100413349898610416,"67.5,74.5,75,76,76.5,78,80,79",17.4,72.95,88.71,GMCC SZ65F1H,34,1
416,416100413349982670416,"74,77,73,76.5,77.5,79.5,81.5,81",22.0,78.85,94.89,GMCC SZ65F1H,34,1
416,416100413349899540416,"71,74,76.5,76,77.5,78,79.5,79",17.0,72.44,88.17,GMCC SZ65F1H,34,1
416,416100413349896670416,"67,74.5,75,78,79.5,81,82,83,84.5",18.7,74.62,90.46,GMCC SZ65F1H,34,1
416,416100413349897930416,"76,76.5,78.5,81,81.5,82.5,85,83",19.4,75.52,91.39,GMCC SZ65F1H,34,1
416,416100413349984810416,"76,77,80,81.5,83,85,87.5",22.9,80.0,96.09,GMCC SZ65F1H,34,1
416,416100413349899330416,"70,73,75.5,73,72,73.5,74,76",16.6,71.93,87.64,GMCC SZ65F1H,34,1
416,416100413349896680416,"70,74,78.5,82,83,85.5,84.5",19.3,75.39,91.26,GMCC SZ65F1H,34,1
416,416100413349893860416,"71,75,74.5,76,77,79,81.5,81",23.1,80.25,96.36,GMCC SZ65F1H,34,1
416,416100413349896690416,"72,75,73.5,76,78.5,79.5,81,81.5,82,83.5,84",19.4,75.52,91.39,GMCC SZ65F1H,34,1
416,416100413349896760416,"74.5,76.5,79,81,83,83.5,83",17.9,73.59,89.38,GMCC SZ65F1H,34,1
416,416100413349896790416,"76.5,79.5,79,80,82.5,84,84.5,82",17.9,73.59,89.38,GMCC SZ65F1H,34,1
416,416100413349896810416,"75.5,74.5,76.5,78,80,80.5,82,82.5",17.8,73.47,89.25,GMCC SZ65F1H,34,1
416,416100413349985360416,"74.5,80.5,82,82.5,83.5,85,87,88",23.2,80.38,96.5,GMCC SZ65F1H,34,1
416,416100413349983860416,"74,78.5,80.5,83,85,86",23.9,81.28,97.44,GMCC SZ65F1H,34,1
416,416100413349896840416,"70,73,76.5,79.5,81,83,83.5",19.3,75.39,91.26,GMCC SZ65F1H,34,1
416,416100413349898640416,"75.5,78,78.5,78,80.5,83,83.5",17.4,72.95,88.71,GMCC SZ65F1H,34,1
416,416100413349896850416,"73,77,78,79,80.5,82.5,82",19.9,76.16,92.07,GMCC SZ65F1H,34,1
416,416100413349894100416,"71.5,77.5,81,82.5,84,87.5,89,90,92",22.3,79.23,95.29,GMCC SZ65F1H,34,1
416,416100413349896860416,"71.5,74,77,79.5,80,82,80.5",19.9,76.16,92.07,GMCC SZ65F1H,34,1
416,416100413349898450416,"68,74,78,78.5,77.5,81,80.5,80",20.0,76.28,92.2,GMCC SZ65F1H,34,1
416,416100413349896880416,"74,74.5,76,77,78,77",17.5,73.08,88.84,GMCC SZ65F1H,34,1
416,416100413349900300416,"71,74,75,74.5,75,75.5,77.5",16.1,71.29,86.96,GMCC SZ65F1H,34,1
416,416100413349896890416,"73.5,75,77.5,78.5,80,81.5,83,81.5",19.9,76.16,92.07,GMCC SZ65F1H,34,1
416,416100413349893930416,"72.5,77,81,82.5,84.5,88.5,87",22.1,78.97,95.02,GMCC SZ65F1H,34,1
416,416100413349896910416,"68,74,77,78,79.5,80.5,81.5,82",19.8,76.03,91.93,GMCC SZ65F1H,34,1
416,416100413349896950416,"72.5,75,78.5,77.5,79.5,79,80,80.5,82,81.5",19.9,76.16,92.07,GMCC SZ65F1H,34,1
416,416100413349896960416,"71,76.5,77.5,79,79.5,82,83,83.5",17.8,73.47,89.25,GMCC SZ65F1H,34,1
416,416100413349896990416,"75,77.5,80,79,81,82.5,80,81.5",17.8,73.47,89.25,GMCC SZ65F1H,34,1
416,416100413349898390416,"71.5,72.5,76,79,78.5,81.5,82,81.5",19.2,75.26,91.13,GMCC SZ65F1H,34,1
416,416100413349897000416,"74.5,79,82.5,84.5,86,85.5",19.8,76.03,91.93,GMCC SZ65F1H,34,1
416,416100413349897010416,"73.5,78,77,77.5,79.5,80,80.5,81.5",19.7,75.9,91.8,GMCC SZ65F1H,34,1
416,416100413349897020416,"73.5,75.5,76,77,80,80.5,83,81",17.8,73.47,89.25,GMCC SZ65F1H,34,1
416,416100413349899180416,"73.5,75.5,75,76.5,78,80,79.5",19.2,75.26,91.13,GMCC SZ65F1H,34,1
416,416100413349896220416,"71,72,76,80,82,84,84.5,83",18.9,74.87,90.72,GMCC SZ65F1H,34,1
416,416100242049848040416,"68.5,69,72.5,74.5,74,75.5,79,78.5",15.6,70.65,86.29,GMCC SZ65F1H,34,1
416,416100413349895550416,"70,75.5,80.5,82.5,83.5,84.5,85.5,86.5,87.5",19.2,75.26,91.13,GMCC SZ65F1H,34,1
416,416100413349895260416,"76,81,84,87,88.5,90,91",20.7,77.18,93.14,GMCC SZ65F1H,34,1
416,416100413349899420416,"66,71,76,77,78,79.5,80,79.5",20.0,76.28,92.2,GMCC SZ65F1H,34,1
416,416100413349897050416,"77,79,80,82.5,82,83.5,85.5",19.4,75.52,91.39,GMCC SZ65F1H,34,1
416,416100413349982440416,"77.5,80,80.5,83,84.5,86.5,87,87.5",22.1,78.97,95.02,GMCC SZ65F1H,34,1
416,416100413349897060416,"69,76.5,78,80,79.5,83.5,84",19.0,75.0,90.86,GMCC SZ65F1H,34,1
416,416100413349897210416,"73,75,77.5,78.5,78,79.5,82",19.5,75.64,91.53,GMCC SZ65F1H,34,1
416,416100413349897070416,"71,74.5,79,79.5,80,81,82,84",19.9,76.16,92.07,GMCC SZ65F1H,34,1
416,416100413349897080416,"73.5,77.5,79.5,79,80,81,83,81.5",17.8,73.47,89.25,GMCC SZ65F1H,34,1
416,416100413349897110416,"71.5,74.5,75.5,75,77.5,78.5,81.5,80",19.6,75.77,91.66,GMCC SZ65F1H,34,1
416,416100413349984450416,"76.5,77.5,77,80.5,81.5,83.5,85,87",23.0,80.13,96.23,GMCC SZ65F1H,34,1
416,416100413349893990416,"72.5,78,81.5,82.5,83.5,84,86.5,85.5,87,86.5",22.1,78.97,95.02,GMCC SZ65F1H,34,1
416,416100413349897120416,"73.5,73,74.5,76.5,77,77.5,78.5,79.5,81.5",19.6,75.77,91.66,GMCC SZ65F1H,34,1
416,416100413349897150416,"70.5,76,75,78.5,80.5,81.5,80.5",19.6,75.77,91.66,GMCC SZ65F1H,34,1
416,416100413349897160416,"69.5,73,76,77.5,79,79.5,81.5,79.5",19.6,75.77,91.66,GMCC SZ65F1H,34,1
416,416100413349984150416,"75.5,80.5,83.5,84.5,86,88,90,91.5",23.9,81.28,97.44,GMCC SZ65F1H,34,1
416,416100413349898360416,"69.5,73.5,79.5,80.5,82.5,82",20.0,76.28,92.2,GMCC SZ65F1H,34,1
416,416100413349894230416,"74.5,78,84.5,86,88,90,92.5,91.5",21.3,77.95,93.95,GMCC SZ65F1H,34,1
416,416100413349899120416,"68.5,71.5,73.5,74.5,75.5,76,78,77.5",17.8,73.47,89.25,GMCC SZ65F1H,34,1
416,416100413349897190416,"68.5,72,73.5,74.5,77,78,79.5,80",19.5,75.64,91.53,GMCC SZ65F1H,34,1
416,416100413349897230416,"67,71.5,75.5,78,80,80.5,82,83,84",19.6,75.77,91.66,GMCC SZ65F1H,34,1
416,416100413349897240416,"71.5,76,79,77,79,78,80.5,80",17.8,73.47,89.25,GMCC SZ65F1H,34,1
416,416100413349897260416,"73,77.5,80,79,83.5,84",19.9,76.16,92.07,GMCC SZ65F1H,34,1
416,416100413349897270416,"73.5,76,79,80,79,81,81.5,81",19.5,75.64,91.53,GMCC SZ65F1H,34,1
416,416100413349897300416,"70.5,77,79,81,82.5,85.5,85",19.6,75.77,91.66,GMCC SZ65F1H,34,1
416,416100413349899450416,"70,76,77.5,77,75.5,77.5,78,78.5,79",16.0,71.16,86.83,GMCC SZ65F1H,34,1
416,416100413349899510416,"64,68,71.5,75,78,78.5,80",17.0,72.44,88.17,GMCC SZ65F1H,34,1
416,416100413349897310416,"73,76,80,81.5,83.5,85",19.8,76.03,91.93,GMCC SZ65F1H,34,1
416,416100413349897320416,"72,79,79.5,81.5,84,86,86.5,89",19.8,76.03,91.93,GMCC SZ65F1H,34,1
416,416100413349985130416,"71,79,81.5,82.5,85.5,87.5,89,90",22.5,79.49,95.56,GMCC SZ65F1H,34,1
416,416100413349894000416,"73,78.5,80,82.5,84,84.5,86,87",22.1,78.97,95.02,GMCC SZ65F1H,34,1
416,416100413349893940416,"74,78,82,82.5,85,85.5,88,87",22.1,78.97,95.02,GMCC SZ65F1H,34,1
416,416100413349897370416,"72.5,75.5,76,78,78.5,81,80.5",17.0,72.44,88.17,GMCC SZ65F1H,34,1
416,416100413349897410416,"67,70,72.5,73.5,77.5,79.5,80",16.5,71.8,87.5,GMCC SZ65F1H,34,1
416,416100413349898220416,"77,76,77.5,78,79.5,79,81.5,81",18.3,74.11,89.92,GMCC SZ65F1H,34,1
416,416100413349895940416,"78,82,86.5,86,90,91,93,91.5",20.6,77.05,93.01,GMCC SZ65F1H,34,1
416,416100413349897420416,"69.5,73.5,78.5,78,82.5,83.5,84.5",19.9,76.16,92.07,GMCC SZ65F1H,34,1
416,416100413349897440416,"70.5,72,73,72.5,73.5,74,76,78,79,79.5,80",16.8,72.18,87.9,GMCC SZ65F1H,34,1
416,416100413349899340416,"73,75,76.5,77.5,78,77.5,78.5,80,79.5",16.9,72.31,88.04,GMCC SZ65F1H,34,1
416,416100413349897470416,"69,73.5,76.5,80.5,82.5,84,85,86",20.0,76.28,92.2,GMCC SZ65F1H,34,1
416,416100413349897550416,"73,77,78.5,79,80.5,81.5,84,83",19.8,76.03,91.93,GMCC SZ65F1H,34,1
416,416100413349897580416,"72,75.5,77,79.5,81,83.5,84,85",19.7,75.9,91.8,GMCC SZ65F1H,34,1
416,416100413349983930416,"72.5,79.5,80,83,84,85.5,88,87.5",24.3,81.79,97.97,GMCC SZ65F1H,34,1
416,416100413349898790416,"74.5,75.5,78,77.5,79.5,81.5,83.5,84",19.2,75.26,91.13,GMCC SZ65F1H,34,1
416,416100413349894350416,"76.5,78,80,80.5,82.5,83.5,86.5,85.5",22.1,78.97,95.02,GMCC SZ65F1H,34,1
416,416100413349897990416,"69.5,73.5,76,78,78.5,79.5,81,82",20.0,76.28,92.2,GMCC SZ65F1H,34,1
416,416100413349895390416,"70.5,78,79.5,81.5,83.5,85,84.5",20.7,77.18,93.14,GMCC SZ65F1H,34,1
416,416100413349897620416,"69,74.5,77,78.5,78,80,79.5,81",19.7,75.9,91.8,GMCC SZ65F1H,34,1
416,416100413349897640416,"77.5,76.5,77.5,78.5,80,81,80",19.6,75.77,91.66,GMCC SZ65F1H,34,1
416,416100413349897650416,"72.5,73.5,78,81,82.5,83,83.5,86.5,85",19.7,75.9,91.8,GMCC SZ65F1H,34,1
416,416100413349897680416,"71,74,79,78,79,79.5,82.5,82,84.5",19.5,75.64,91.53,GMCC SZ65F1H,34,1
416,416100413349984660416,"74,80,84.5,86.5,88.5,89,91,92.5",24.2,81.66,97.84,GMCC SZ65F1H,34,1
416,416100413349897710416,"73,75,78,79.5,80,81,83,82.5",22.7,79.74,95.82,GMCC SZ65F1H,34,1
416,416100413349898330416,"77,77.5,79,80.5,82,83,85,84",19.8,76.03,91.93,GMCC SZ65F1H,34,1
416,416100413349898590416,"72.5,75,75.5,76.5,78.5,79,81.5,80",17.4,72.95,88.71,GMCC SZ65F1H,34,1
416,416100413349984380416,"77,78.5,84,83.5,86.5,88,90,88.5",23.7,81.02,97.17,GMCC SZ65F1H,34,1
416,416100413349897720416,"70.5,71,76.5,77,78,79,81,80,81.5",19.5,75.64,91.53,GMCC SZ65F1H,34,1
416,416100413349897730416,"73.5,75.5,79,78.5,79.5,83.5,81",19.5,75.64,91.53,GMCC SZ65F1H,34,1
416,416100413349898680416,"73,76.5,77,77.5,79,82,81.5",17.3,72.83,88.58,GMCC SZ65F1H,34,1
416,416100413349897740416,"71.5,75,78.5,81.5,81,82,83.5,83",19.7,75.9,91.8,GMCC SZ65F1H,34,1
416,416100413349897760416,"72,71.5,77,77.5,79.5,79,82.5,82",19.8,76.03,91.93,GMCC SZ65F1H,34,1
416,416100413349897800416,"73,75.5,78,80,81,82,85",19.5,75.64,91.53,GMCC SZ65F1H,34,1
416,416100413349897810416,"71.5,73,74.5,78,80,81,82,84.5",19.7,75.9,91.8,GMCC SZ65F1H,34,1
416,416100413349897820416,"68,71,75.5,78.5,79.5,82.5,80.5,83.5,82.5",19.7,75.9,91.8,GMCC SZ65F1H,34,1
416,416100413349894950416,"68,70.5,74.5,79,79.5,80.5,82.5,81.5,82.5",21.9,78.72,94.75,GMCC SZ65F1H,34,1
416,416100413349897840416,"75,78.5,80,81,82,84,85.5",20.1,76.41,92.33,GMCC SZ65F1H,34,1
416,416100413349897850416,"72,75.5,76.5,78,80,80.5,83.5,82.5",19.4,75.52,91.39,GMCC SZ65F1H,34,1
416,416100413349897910416,"72,78,80,79.5,80.5,82.5,83,83.5",20.0,76.28,92.2,GMCC SZ65F1H,34,1
416,416100413349897940416,"71.5,73.5,76,78.5,77.5,79,80,81.5,81",20.1,76.41,92.33,GMCC SZ65F1H,34,1
416,416100413349985390416,"70,74.5,79,83.5,83,84.5,85.5,86.5,88.5,88",22.0,78.85,94.89,GMCC SZ65F1H,34,1
416,416100413349898840416,"72.5,74.5,76,77.5,79.5,80.5,82,81.5",17.9,73.59,89.38,GMCC SZ65F1H,34,1
416,416100413349898280416,"73,75,77.5,79,79.5,80.5,82,81.5",19.4,75.52,91.39,GMCC SZ65F1H,34,1
416,416100413349897950416,"72.5,76.5,80,81,83,84,85",19.5,75.64,91.53,GMCC SZ65F1H,34,1
416,416100413349898560416,"68.5,73,76,78.5,79,81,80,82,81.5",20.0,76.28,92.2,GMCC SZ65F1H,34,1
416,416100413349985100416,"77.5,76.5,76,82,81.5,83,84,85.5,86",22.6,79.61,95.69,GMCC SZ65F1H,34,1
416,416100413349898000416,"71,77.5,81.5,79.5,81,83,83.5,84.5",19.4,75.52,91.39,GMCC SZ65F1H,34,1
416,416100413349895330416,"70.5,77,81.5,84,85.5,87.5,88.5",21.2,77.82,93.81,GMCC SZ65F1H,34,1
416,416100413349983890416,"73,80,83,84.5,85,84.5,87.5,89.5,88",24.5,82.05,98.24,GMCC SZ65F1H,34,1
416,416100413349898020416,"73,75,77.5,79,80.5,82,83",19.5,75.64,91.53,GMCC SZ65F1H,34,1
416,416100413349984870416,"72,75,78,81,82.5,83.5,85.5",22.9,80.0,96.09,GMCC SZ65F1H,34,1
416,416100413349894780416,"76.5,78.5,81,82,81.5,84.5,86,86.5,87",22.1,78.97,95.02,GMCC SZ65F1H,34,1
416,416100413349898210416,"74,76,77,78,79.5,81.5,81",18.3,74.11,89.92,GMCC SZ65F1H,34,1
416,416100413349899530416,"70,71.5,75,78.5,80,80.5,83",17.0,72.44,88.17,GMCC SZ65F1H,34,1
416,416100413349898040416,"68,74,75,75.5,76.5,80,79",19.6,75.77,91.66,GMCC SZ65F1H,34,1
416,416100413349898050416,"77,78,80.5,82.5,83,85.5,87",19.8,76.03,91.93,GMCC SZ65F1H,34,1
416,416100413349984620416,"78.5,80,83.5,85.5,88.5,90,91.5,93,93.5",24.3,81.79,97.97,GMCC SZ65F1H,34,1
416,416100413349899640416,"74.5,73.5,73,74,76,76.5,78.5,77.5",16.8,72.18,87.9,GMCC SZ65F1H,34,1
416,416100413349984630416,"69,76.5,80.5,83.5,85.5,88,89,88.5",24.2,81.66,97.84,GMCC SZ65F1H,34,1
416,416100413349898060416,"74.5,78,82.5,81.5,82,83,85,86.5",19.4,75.52,91.39,GMCC SZ65F1H,34,1
416,416100413349898130416,"76,77,79.5,82,83,84.5,86.5",18.4,74.23,90.05,GMCC SZ65F1H,34,1
416,416100413349898140416,"74,76,80.5,83.5,84,86,85",18.4,74.23,90.05,GMCC SZ65F1H,34,1
416,416100413349893670416,"72.5,74.5,77.5,79,80,80.5,81.5,82,84",23.1,80.25,96.36,GMCC SZ65F1H,34,1
416,416100413349898150416,"75.5,77.5,78.5,80.5,82,81,82.5,82",18.4,74.23,90.05,GMCC SZ65F1H,34,1
416,416100413349898160416,"72,73.5,77,76,76.5,78,80.5,79.5",18.8,74.75,90.59,GMCC SZ65F1H,34,1
416,416100413349898580416,"75.5,69.5,74,76,77,76.5,79,81",17.4,72.95,88.71,GMCC SZ65F1H,34,1
416,416100413349896650416,"72,76,79.5,83.5,84.5,87.5,88.5",18.7,74.62,90.46,GMCC SZ65F1H,34,1
416,416100413349898070416,"73,77.5,81,80.5,81.5,83.5,85,83.5,86",19.5,75.64,91.53,GMCC SZ65F1H,34,1
416,416100413349898170416,"67.5,71.5,76.5,78.5,81,81.5,83,82.5",18.5,74.36,90.19,GMCC SZ65F1H,34,1
416,416100413349898180416,"74,77,81.5,77,80,81.5,80.5",18.5,74.36,90.19,GMCC SZ65F1H,34,1
416,416100413349984530416,"74.5,75,77.5,78,79.5,80,80.5,81.5,82,83",23.0,80.13,96.23,GMCC SZ65F1H,34,1
416,416100413349895220416,"72,75.5,77,80.5,84,83.5,86.5,85,86,87.5",19.8,76.03,91.93,GMCC SZ65F1H,34,1
416,416100413349897600416,"74,77.5,80,81,82,81.5,83.5,84.5",19.7,75.9,91.8,GMCC SZ65F1H,34,1
416,416100413349899700416,"69,73,73.5,76.5,76,78,77.5",17.0,72.44,88.17,GMCC SZ65F1H,34,1
416,416100413349898240416,"73.5,75,76.5,77.5,78.5,79.5,81,80.5",18.2,73.98,89.78,GMCC SZ65F1H,34,1
416,416100413349898250416,"64.5,70,74.5,77,79,80,81.5,81",20.0,76.28,92.2,GMCC SZ65F1H,34,1
416,416100413349898320416,"75.5,77.5,78,79,80,82.5,83,82",19.5,75.64,91.53,GMCC SZ65F1H,34,1
416,416100413349985140416,"65,70,76.5,79.5,81,83,84.5,83.5",22.8,79.87,95.96,GMCC SZ65F1H,34,1
416,416100413349895410416,"70.5,75.5,78,80.5,81.5,84,83.5,84.5",19.4,75.52,91.39,GMCC SZ65F1H,34,1
416,416100413349898630416,"72.5,75.5,74,76.5,76,77,78,79.5,80",17.3,72.83,88.58,GMCC SZ65F1H,34,1
416,416100413349897900416,"70,75.5,80,81,82,82.5,85.5,86",19.9,76.16,92.07,GMCC SZ65F1H,34,1
416,416100413349898340416,"73,77.5,79,80,80.5,81.5,83.5,85",19.6,75.77,91.66,GMCC SZ65F1H,34,1
416,416100413349898380416,"69.5,73,75.5,77.5,80,80.5,81.5,82",19.0,75.0,90.86,GMCC SZ65F1H,34,1
416,416100413349898400416,"67,71,76.5,78.5,82,84,84.5,83.5",19.8,76.03,91.93,GMCC SZ65F1H,34,1
416,416100413349895160416,"71,79,83,85,86,87,89.5,90",22.1,78.97,95.02,GMCC SZ65F1H,34,1
416,416100413349897920416,"69,72,77.5,78.5,80,81,82",19.9,76.16,92.07,GMCC SZ65F1H,34,1
416,416100413349898570416,"72,75,75.5,77,79,80",17.4,72.95,88.71,GMCC SZ65F1H,34,1
416,416100413349982950416,"73.5,75,79.5,78.5,81,83.5,85,84",22.0,78.85,94.89,GMCC SZ65F1H,34,1
416,416100413349895560416,"73.5,77.5,80.5,81.5,82.5,84,84.5,86",19.5,75.64,91.53,GMCC SZ65F1H,34,1
416,416100413349897790416,"74,77.5,80,81,83.5,86,85.5",19.6,75.77,91.66,GMCC SZ65F1H,34,1
416,416100413349899230416,"64.5,68,70.5,73.5,74.5,78,79.5,78",17.8,73.47,89.25,GMCC SZ65F1H,34,1
416,416100413349898430416,"73.5,77,78.5,79,80.5,83,82.5",19.2,75.26,91.13,GMCC SZ65F1H,34,1
416,416100413349898520416,"74.5,78,79.5,82,84,85,83.5",19.2,75.26,91.13,GMCC SZ65F1H,34,1
416,416100413349984520416,"70.5,76.5,78,79,82,81,81.5,83,86",22.9,80.0,96.09,GMCC SZ65F1H,34,1
416,416100413349982320416,"74,79,83,84.5,86,86.5,88,91",22.1,78.97,95.02,GMCC SZ65F1H,34,1
416,416100413349898600416,"69.5,73,75.5,77.5,78.5,81,82,83",17.3,72.83,88.58,GMCC SZ65F1H,34,1
416,416100413349899270416,"70,68.5,76,78,79,79.5,81,81.5",19.1,75.13,90.99,GMCC SZ65F1H,34,1
416,416100413349983250416,"72.5,76,80.5,83,82.5,84,85.5,86.5",23.4,80.64,96.76,GMCC SZ65F1H,34,1
416,416100413349898620416,"73.5,75,76.5,78.5,79.5,82,82.5,82",17.5,73.08,88.84,GMCC SZ65F1H,34,1
416,416100413349898650416,"70,74.5,75.5,76.5,79,81.5,80.5",17.3,72.83,88.58,GMCC SZ65F1H,34,1
416,416100413349899250416,"75,76.5,76,78.5,79.5,81,82",17.9,73.59,89.38,GMCC SZ65F1H,34,1
416,416100413349898660416,"72.5,73.5,76.5,78,79.5,81.5,82,83",17.3,72.83,88.58,GMCC SZ65F1H,34,1
416,416100413349898670416,"67,70,74,77.5,77,80,79.5,78.5",17.4,72.95,88.71,GMCC SZ65F1H,34,1
416,416100413349894490416,"75,76.5,80.5,81.5,84,85.5,86.5,87.5",22.1,78.97,95.02,GMCC SZ65F1H,34,1
416,416100413349898690416,"70,73.5,78.5,79.5,80.5,81,80.5",17.3,72.83,88.58,GMCC SZ65F1H,34,1
416,416100413349983210416,"74,78.5,79.5,81.5,82,83,84.5,85",23.4,80.64,96.76,GMCC SZ65F1H,34,1
416,416100413349898700416,"70,71.5,73.5,76,79,78",17.4,72.95,88.71,GMCC SZ65F1H,34,1
416,416100413349982210416,"75.5,78.5,79.5,81,82,85.5,87,87.5",22.3,79.23,95.29,GMCC SZ65F1H,34,1
416,416100413349893740416,"72,75.5,77.5,78.5,79,81,82,84,85",23.1,80.25,96.36,GMCC SZ65F1H,34,1
416,416100413349898540416,"72.5,74,75.5,76.5,77,79.5,79",17.4,72.95,88.71,GMCC SZ65F1H,34,1
416,416100413349898730416,"72,75,78,79.5,81.5,80,81.5,81",19.1,75.13,90.99,GMCC SZ65F1H,34,1
416,416100413349898740416,"71,71.5,75.5,76,78.5,79.5,80",19.1,75.13,90.99,GMCC SZ65F1H,34,1
416,416100413349898810416,"71,75,77,77.5,78.5,79.5,80.5,80,81.5,82.5",19.2,75.26,91.13,GMCC SZ65F1H,34,1
416,416100413349984970416,"73.5,76,78.5,81.5,84,84.5,85,87",22.7,79.74,95.82,GMCC SZ65F1H,34,1
416,416100413349982350416,"73,77.5,79,78,82.5,83.5,85.5,84",22.0,78.85,94.89,GMCC SZ65F1H,34,1
416,416100413349898860416,"69,71.5,75,79,80,82.5,82",19.1,75.13,90.99,GMCC SZ65F1H,34,1
416,416100413349898870416,"68,73.5,74.5,75.5,77,79.5,80,81",17.4,72.95,88.71,GMCC SZ65F1H,34,1
416,416100413349898950416,"67,72.5,73.5,74,77,78,79,79.5,81.5,82,82.5,83",19.2,75.26,91.13,GMCC SZ65F1H,34,1
416,416100413349895990416,"74,77,78.5,80.5,83.5,84,82,84.5",19.2,75.26,91.13,GMCC SZ65F1H,34,1
416,416100413349898960416,"76,80,80.5,82,83,84,85,85.5",19.2,75.26,91.13,GMCC SZ65F1H,34,1
416,416100413349899290416,"68.5,74.5,73,73.5,73,76,77,77.5,79.5",16.9,72.31,88.04,GMCC SZ65F1H,34,1
416,416100413349899010416,"75,75.5,78,81,79,81.5,82.5,83",18.0,73.72,89.52,GMCC SZ65F1H,34,1
416,416100413349899910416,"70.5,74.5,76.5,77.5,75.5,75,75.5,77,75",16.3,71.54,87.23,GMCC SZ65F1H,34,1
416,416100413349982190416,"80.5,81.5,85,86.5,87,87.5,88.5,89.5",22.2,79.1,95.15,GMCC SZ65F1H,34,1
416,416100413349899100416,"69.5,72,75,75.5,76,77.5,78,79.5",17.9,73.59,89.38,GMCC SZ65F1H,34,1
416,416100413349899140416,"68,72.5,74.5,76,78,79,81.5,80",17.8,73.47,89.25,GMCC SZ65F1H,34,1
416,416100413349895750416,"71.5,74.5,77.5,79.5,82,84,85.5,85,87",19.8,76.03,91.93,GMCC SZ65F1H,34,1
416,416100413349899170416,"69.5,73,74.5,75.5,77,77.5,79.5,80",17.9,73.59,89.38,GMCC SZ65F1H,34,1
416,416100413349899190416,"72.5,76,77,78,80,81.5,82,83.5,84.5",19.9,76.16,92.07,GMCC SZ65F1H,34,1
416,416100413349899200416,"73.5,74.5,75.5,77.5,78,80,80.5,81.5",18.0,73.72,89.52,GMCC SZ65F1H,34,1
416,416100413349895350416,"76.5,77.5,79,80.5,82.5,84,86,86.5,88.5",22.1,78.97,95.02,GMCC SZ65F1H,34,1
416,416100413349899300416,"73,76,74.5,75,76,78,79,78.5",16.7,72.06,87.77,GMCC SZ65F1H,34,1
416,416100413349899320416,"74.5,76,75.5,78.5,79.5,80,81,82,80",17.0,72.44,88.17,GMCC SZ65F1H,34,1
416,416100413349899350416,"71,74.5,79,78.5,80,81,83.5,82",19.1,75.13,90.99,GMCC SZ65F1H,34,1
416,416100413349984130416,"76.5,78,82,83,85.5,87.5,86",24.3,81.79,97.97,GMCC SZ65F1H,34,1
416,416100413349899670416,"69,71.5,71,71.5,75,75.5,76.5,78,79.5",17.2,72.7,88.44,GMCC SZ65F1H,34,1
416,416100413349899390416,"74.5,74,76.5,78.5,80.5,81.5,82,83,83.5",18.0,73.72,89.52,GMCC SZ65F1H,34,1
416,416100413349899500416,"67.5,68.5,70,74.5,77.5,79,81,79",17.0,72.44,88.17,GMCC SZ65F1H,34,1
416,416100413349982140416,"77,76,76.5,78.5,81,81.5,83,84.5",22.2,79.1,95.15,GMCC SZ65F1H,34,1
416,416100413349899520416,"73,75.5,78.5,77.5,73,74.5,76.5,75",16.0,71.16,86.83,GMCC SZ65F1H,34,1
416,416100413349899580416,"68,70.5,72,72.5,74.5,75,74.5,76,76.5",17.0,72.44,88.17,GMCC SZ65F1H,34,1
416,416100413349899600416,"74,72,73,75.5,77.5,78.5,79.5,80,81",17.0,72.44,88.17,GMCC SZ65F1H,34,1
416,416100413349983460416,"78.5,81,82,83.5,86.5,87.5,90.5",24.3,81.79,97.97,GMCC SZ65F1H,34,1
416,416100413349899770416,"69.5,70,74,75.5,76.5,77.5,78.5,79.5",17.0,72.44,88.17,GMCC SZ65F1H,34,1
416,416100413349894370416,"78,83,85,88,89,90.5,92",22.3,79.23,95.29,GMCC SZ65F1H,34,1
416,416100413349899660416,"68,70,72.5,75,76,77.5,79,78",17.0,72.44,88.17,GMCC SZ65F1H,34,1
416,416100413349899730416,"76.5,79.5,78,79.5,81.5,81,83,82.5",16.0,71.16,86.83,GMCC SZ65F1H,34,1
416,416100413349982390416,"73.5,76,79.5,80.5,80,82.5,84.5,84",22.1,78.97,95.02,GMCC SZ65F1H,34,1
416,416100413349900320416,"67,71,73,69.5,73,75,76",15.6,70.65,86.29,GMCC SZ65F1H,34,1
416,416100413349985160416,"75,79,83,85.5,86,87.5,89.5,89",23.1,80.25,96.36,GMCC SZ65F1H,34,1
416,416100413349900340416,"84.5,84,82.5,83,84,80.5",15.9,71.03,86.7,GMCC SZ65F1H,34,1
416,416100413349897290416,"75,78.5,79,80,82.5,84.5,85,85.5",19.6,75.77,91.66,GMCC SZ65F1H,34,1
416,416100413349898310416,"70.5,73,78,79,80,81,82,80.5",19.4,75.52,91.39,GMCC SZ65F1H,34,1
416,416100413349895480416,"73,74,75,84",21.3,77.95,93.95,GMCC SZ65F1H,34,1
416,416100413349982090416,"71,78,76.5,78.5,81,83.5,84.5,85",22.3,79.23,95.29,GMCC SZ65F1H,34,1
416,416100413349983720416,"78,80,86.5,89,90.5,91.5,94",24.2,81.66,97.84,GMCC SZ65F1H,34,1
416,416100413349896610416,"78,76.5,76,79.5,80.5,81.5,83,83.5,84.5",18.7,74.62,90.46,GMCC SZ65F1H,34,1
416,416100413349982100416,"75.5,78,79.5,80,81.5,83.5,86.5,86,87",22.2,79.1,95.15,GMCC SZ65F1H,34,1
416,416100413349895670416,"77,82,82.5,83.5,84.5,87.5,88,86.5",19.4,75.52,91.39,GMCC SZ65F1H,34,1
416,416100413349896440416,"65.5,69,73,76,79,79.5,80,82",19.1,75.13,90.99,GMCC SZ65F1H,34,1
416,416100413349982110416,"73.5,76.5,78,80,80.5,82.5,83.5,85",22.3,79.23,95.29,GMCC SZ65F1H,34,1
416,416100413349895300416,"74,77.5,82,84,84.5,85,85.5,87.5,89",20.7,77.18,93.14,GMCC SZ65F1H,34,1
416,416100413349985120416,"79,81,82,81.5,84.5,85.5,87,86.5",23.4,80.64,96.76,GMCC SZ65F1H,34,1
416,416100413349983640416,"71,73.5,79,82,83,85,86.5,88",24.3,81.79,97.97,GMCC SZ65F1H,34,1
416,416100413349982160416,"81,82,80,83.5,86,86.5,88.5",22.3,79.23,95.29,GMCC SZ65F1H,34,1
416,416100413349898230416,"71.5,76.5,80.5",18.5,74.36,90.19,GMCC SZ65F1H,34,1
416,416100413349982170416,"78.5,81.5,80.5,84,87.5",22.2,79.1,95.15,GMCC SZ65F1H,34,1
416,416100413349982200416,"75,78.5,75.5,80.5,82,83.5,86",22.1,78.97,95.02,GMCC SZ65F1H,34,1
416,416100413349894430416,"82.5,85,84.5,87,86.5,88,88.5,89",22.1,78.97,95.02,GMCC SZ65F1H,34,1
416,416100413349894960416,"72.5,75.5,80,82.5,84.5,85.5,87,87.5",22.1,78.97,95.02,GMCC SZ65F1H,34,1
416,416100413349982220416,"76.5,77.5,78,81,83,84.5,86,87",22.1,78.97,95.02,GMCC SZ65F1H,34,1
416,416100413349894720416,"75.5,77,80,79,81,80.5,83.5,82.5",20.7,77.18,93.14,GMCC SZ65F1H,34,1
416,416100413349898190416,"68.5,73.5,77,79,80.5,81.5,82.5,82",18.5,74.36,90.19,GMCC SZ65F1H,34,1
416,416100413349897830416,"73,75.5,80,77.5,78.5,79.5,81.5,82.5",19.4,75.52,91.39,GMCC SZ65F1H,34,1
416,416100413349982240416,"77,79,80,82,85,84.5,87,85",22.1,78.97,95.02,GMCC SZ65F1H,34,1
416,416100413349982250416,"76.5,78,81,82,82.5,84,86,84.5",22.0,78.85,94.89,GMCC SZ65F1H,34,1
416,416100413349894760416,"67,71,76.5,76,80,81,82,82.5,84.5",21.9,78.72,94.75,GMCC SZ65F1H,34,1
416,416100413349895360416,"71,75,79,80,82,83,83.5,85,85.5",21.9,78.72,94.75,GMCC SZ65F1H,34,1
416,416100413349899740416,"70.5,72,76.5,78,74.5,75,78.5,78",15.7,70.78,86.43,GMCC SZ65F1H,34,1
416,416100413349982400416,"76.5,78.5,80.5,82,85,87,88,88.5",22.2,79.1,95.15,GMCC SZ65F1H,34,1
416,416100413349895170416,"78.5,86.5,89.5,91.5,92,93.5,93,96,95.5",21.3,77.95,93.95,NS,NS,0
416,416100413349893820416,"68,71,75.5,76,76.5,77,79.5,78.5",23.1,80.25,96.36,NS,NS,0
416,416100413349894160416,"76,80.5,82,83.5,86,95",21.4,78.08,94.08,NS,NS,0
416,416100413349898720416,"71.5,73,72.5,72,73,73.5,72.5",19.5,75.64,91.53,NS,NS,0
416,416100413349894910416,"75,96",21.3,77.95,93.95,NS,NS,0
416,416100413349895950416,"76.5,81.5,84,95.5",21.4,78.08,94.08,NS,NS,0
416,416100413349898100416,"72.5,71.5,68.5,66.5,67,66",19.4,75.52,91.39,NS,NS,0
416,416100413349899480416,"66,67,69.5,72.5,73,71.5,73.5,72",16.7,72.06,87.77,NS,NS,0
999,999999,"28.0,41.1,40.7,44.0,44.3,48.3,128.3",21.5,999.0,999.0,999,999,0
999,999999,"118.9,122.3,123.0,124.6,127.1",17.0,999.0,999.0,999,999,0
999,999999,"65.6,66.8,65.6,17.7,71.0",22.1,999.0,999.0,999,999,0
999,999999,"106.8,111.4,114.3,21.1,112.2,113.7",25.5,999.0,999.0,999,999,0
999,999999,"107.4,109.2,109.3,114.9,115.9,121.1,122.3,122.6,123.8",20.2,999.0,999.0,999,999,0
999,999999,"8.9,14.4,18.3,20.2,20.8,20.7,24.6,26.7,30.1,30.2",24.3,999.0,999.0,999,999,0
999,999999,"46.7,51.0,53.3,53.5,59.3,58.9,59.5",22.4,999.0,999.0,999,999,0
999,999999,"81.1,80.7,81.8,86.7,89.7,95.0,98.8,103.5",22.8,999.0,999.0,999,999,0
999,999999,"86.1,88.2,89.3,91.1,92.3,93.2,91.3,94.2,93.5",17.0,999.0,999.0,999,999,0
999,999999,"28.9,27.7,29.1,36.8,40.7,46.2,50.0",30.3,999.0,999.0,999,999,0
999,999999,"106.2,108.4,22.9,114.6,114.7,116.8,117.9",10.6,999.0,999.0,999,999,0
999,999999,"142.8,144.5,145.4,146.7,162.5,152.5,154.8,155.8",29.7,999.0,999.0,999,999,0
999,999999,"71.3,74.4,124.8,75.6,73.4,73.2",25.5,999.0,999.0,999,999,0
999,999999,"17.3,129.7,131.2,135.2,136.2,137.0,141.5",18.4,999.0,999.0,999,999,0
999,999999,"40.6,42.7,44.0,45.1,47.0,48.4,49.9,51.6,52.1,167.1",22.1,999.0,999.0,999,999,0
999,999999,"58.7,57.4,59.4,61.2,59.7,57.5,58.4",23.4,999.0,999.0,999,999,0
999,999999,"70.8,72.3,73.9,77.1,78.2,79.9,81.5,83.3,85.4",34.5,999.0,999.0,999,999,0
999,999999,"78.6,79.1,81.0,82.9,84.4,86.0,89.3,94.9,96.5,98.7",12.5,999.0,999.0,999,999,0
999,999999,"10.2,10.8,13.7,17.8,19.3,22.0,21.0,22.3,23.4,26.2",16.3,999.0,999.0,999,999,0
999,999999,"50.5,55.0,56.8,56.2,58.8",26.2,999.0,999.0,999,999,0
999,999999,"65.3,68.8,25.0,74.8,75.8,78.3,78.7,79.6,76.2",33.8,999.0,999.0,999,999,0
999,999999,"44.4,48.6,116.2,51.4,55.3,57.2,58.3,59.2",34.4,999.0,999.0,999,999,0
999,999999,"42.0,42.2,43.6,45.9,47.1,51.4,54.2,56.0",12.5,999.0,999.0,999,999,0
999,999999,"13.7,15.1,16.7,19.4,22.6,22.9,23.4,29.2",21.0,999.0,999.0,999,999,0
999,999999,"91.6,93.1,93.8,94.4,96.4",17.4,999.0,999.0,999,999,0
999,999999,"51.8,55.2,55.5,58.1,59.4,60.6,62.1,65.9",30.7,999.0,999.0,999,999,0
999,999999,"47.1,49.5,51.1,53.2,51.3,53.1,52.5,53.9",35.1,999.0,999.0,999,999,0
999,999999,"112.3,114.6,120.7,122.7,124.2,124.0,125.2",31.0,999.0,999.0,999,999,0
999,999999,"107.2,109.1,114.0,195.8,117.2,118.7,118.3",20.4,999.0,999.0,999,999,0
999,999999,"54.9,61.6,62.4,62.1,62.4,62.4,62.0,62.8",18.3,999.0,999.0,999,999,0
999,999999,"37.7,39.4,37.9,38.3,41.9,43.4",32.1,999.0,999.0,999,999,0
999,999999,"20.4,22.3,20.4,22.1,24.3,24.3,25.6,31.0,32.0",18.8,999.0,999.0,999,999,0
999,999999,"77.8,79.1,80.6,83.3,82.4,83.5,84.0",29.2,999.0,999.0,999,999,0
999,999999,"141.7,144.6,147.8,148.4,149.5,152.8,153.6",27.2,999.0,999.0,999,999,0
999,999999,"97.0,96.9,96.9,94.1,95.5,95.7,98.4,99.3",9.7,999.0,999.0,999,999,0
999,999999,"18.6,19.2,28.1,29.7,30.7,31.0,32.9,34.2",18.1,999.0,999.0,999,999,0
999,999999,"69.1,69.8,70.6,72.5,74.5,74.7,73.2,73.9",25.5,999.0,999.0,999,999,0
999,999999,"78.7,80.1,80.8,82.5,83.6,84.6,86.9,91.2,94.6,118.1",17.3,999.0,999.0,999,999,0
999,999999,"128.0,151.5,128.4,129.9,132.4",31.4,999.0,999.0,999,999,0
999,999999,"109.1,111.3,112.1,114.5,115.6,114.5,114.8,115.9,117.6",15.9,999.0,999.0,999,999,0
999,999999,"39.8,41.1,40.9,41.1,42.7,44.9,46.2,46.5",23.8,999.0,999.0,999,999,0
999,999999,"114.6,115.9,116.7,119.2,181.0,120.9,122.6,122.0,124.9",19.3,999.0,999.0,999,999,0
999,999999,"42.2,43.7,44.8,51.5,52.8,53.6,53.7,56.9,57.4,61.5",33.0,999.0,999.0,999,999,0
999,999999,"103.7,105.6,108.5,108.1,109.5,110.4",28.6,999.0,999.0,999,999,0
999,999999,"101.9,104.6,108.1,109.7,110.8,114.0,116.4",13.7,999.0,999.0,999,999,0
999,999999,"112.2,115.7,117.2,120.2,119.1,120.7",17.9,999.0,999.0,999,999,0
999,999999,"94.7,96.3,97.0,104.6,106.8,110.1,108.7,110.8,110.8,112.8",9.8,999.0,999.0,999,999,0
999,999999,"88.7,90.2,91.3,92.5,94.6,96.8,102.9,106.7,106.8",11.1,999.0,999.0,999,999,0
999,999999,"16.4,21.1,23.6,22.1,23.3,35.7",26.2,999.0,999.0,999,999,0
999,999999,"101.3,103.0,104.4,108.3,109.8,110.6,111.7,112.7",12.4,999.0,999.0,999,999,0
999,999999,"111.3,112.3,113.5,115.1,116.4,114.7,115.8",17.5,999.0,999.0,999,999,0
999,999999,"108.1,109.7,114.9,195.3,118.0,118.0",28.3,999.0,999.0,999,999,0
999,999999,"97.0,102.5,104.0,105.7,107.0,105.6,107.2,118.0",23.1,999.0,999.0,999,999,0
999,999999,"46.3,45.0,48.4,50.9,52.9",26.4,999.0,999.0,999,999,0
999,999999,"134.7,135.0,137.2,139.4,139.9,142.8,142.3",28.9,999.0,999.0,999,999,0
999,999999,"81.1,84.7,87.5,90.3,92.1,92.5,93.1",15.7,999.0,999.0,999,999,0
999,999999,"128.1,126.5,127.3,131.6,132.7,132.5,134.7",24.5,999.0,999.0,999,999,0
999,999999,"81.2,79.8,81.3,82.9,83.8,86.3,92.7,96.4,94.5",12.3,999.0,999.0,999,999,0
999,999999,"100.1,103.1,104.8,106.4,105.7,105.6,106.9,109.4,111.2,111.0",30.5,999.0,999.0,999,999,0
999,999999,"105.4,105.0,105.1,104.8,106.6,108.4,114.5,117.4,116.2,116.2",18.2,999.0,999.0,999,999,0
999,999999,"40.5,40.8,42.6,40.3,39.9,42.1,43.9,43.8",34.0,999.0,999.0,999,999,0
999,999999,"18.6,20.3,21.7,24.4,24.6,27.4,29.6",11.4,999.0,999.0,999,999,0
999,999999,"59.0,62.2,64.3,120.2,65.0,66.4,67.3",17.2,999.0,999.0,999,999,0
999,999999,"65.6,67.3,68.1,66.7,67.5,69.5,68.7,71.1",32.8,999.0,999.0,999,999,0
999,999999,"178.9,24.9,116.0,117.3,120.2",17.7,999.0,999.0,999,999,0
999,999999,"85.8,87.1,89.3,92.7,93.8",13.6,999.0,999.0,999,999,0
999,999999,"29.2,30.7,30.3,32.5,182.9,37.9",29.8,999.0,999.0,999,999,0
999,999999,"101.9,103.5,103.9,106.3,110.3,113.4,113.7",14.7,999.0,999.0,999,999,0
999,999999,"148.1,149.8,150.9,153.8,157.8",34.0,999.0,999.0,999,999,0
999,999999,"26.1,27.7,28.0,29.8,32.4,34.8",23.7,999.0,999.0,999,999,0
999,999999,"30.6,31.5,34.7,35.8,36.9,38.8,42.4,161.9,45.9,46.3",20.1,999.0,999.0,999,999,0
999,999999,"20.6,25.2,24.8,24.8,26.7,29.5,31.9",19.4,999.0,999.0,999,999,0
999,999999,"7.2,9.2,11.3,12.4,12.6,13.2,15.9,17.0,16.5,17.3",13.0,999.0,999.0,999,999,0
999,999999,"10.4,13.1,14.4,16.8,17.5,18.3,21.7,23.4,24.8",14.3,999.0,999.0,999,999,0
999,999999,"166.3,43.2,43.7,45.2,44.1,47.5",16.5,999.0,999.0,999,999,0
999,999999,"21.4,22.7,24.9,21.8,190.3,36.9,42.8",15.0,999.0,999.0,999,999,0
999,999999,"38.3,37.7,36.8,41.3,39.6,40.0,41.4,44.1",11.8,999.0,999.0,999,999,0
999,999999,"83.9,85.4,87.7,90.6,92.3,96.4,107.2,96.9,98.2",16.6,999.0,999.0,999,999,0
999,999999,"45.1,46.1,102.9,51.1,52.3",30.2,999.0,999.0,999,999,0
999,999999,"62.5,65.0,66.6,67.9,69.7,71.4,16.3,187.8",31.7,999.0,999.0,999,999,0
999,999999,"119.5,118.9,120.5,120.5,120.0,118.5,120.6,122.4,124.1",25.4,999.0,999.0,999,999,0
999,999999,"119.0,119.8,122.7,121.0,125.8,127.6,128.9,129.1",18.6,999.0,999.0,999,999,0
999,999999,"58.9,66.6,66.8,70.8,71.9,74.4,77.2,80.5,82.8,81.5",32.3,999.0,999.0,999,999,0
999,999999,"106.6,111.5,112.6,114.2,113.4,111.6,116.5",27.6,999.0,999.0,999,999,0
999,999999,"48.4,52.1,56.4,56.6,58.3",17.3,999.0,999.0,999,999,0
999,999999,"113.3,113.6,115.0,117.0,118.0,121.4,128.0,129.1,133.9",18.8,999.0,999.0,999,999,0
999,999999,"146.7,150.8,150.2,148.9,151.3,152.7,148.0,149.4,150.4",27.6,999.0,999.0,999,999,0
999,999999,"23.5,23.2,26.5,28.3,26.7,29.4,30.5,37.7",26.2,999.0,999.0,999,999,0
999,999999,"45.7,48.2,52.5,56.5,155.0,63.9",16.6,999.0,999.0,999,999,0
999,999999,"25.5,25.1,26.2,27.4,26.4,27.8,30.3",12.9,999.0,999.0,999,999,0
999,999999,"57.3,59.7,59.9,60.6,63.4,64.5,66.8",23.1,999.0,999.0,999,999,0
999,999999,"71.1,72.3,74.2,76.8,79.1,81.3,81.8,85.3",31.8,999.0,999.0,999,999,0
999,999999,"101.2,24.0,24.0,24.7,26.0,24.8,28.0,28.3,28.9",21.2,999.0,999.0,999,999,0
999,999999,"55.6,55.6,59.7,62.8,64.4,65.7,67.2,67.2,69.0",17.4,999.0,999.0,999,999,0
999,999999,"54.8,56.9,58.0,60.8,185.3",28.2,999.0,999.0,999,999,0
999,999999,"34.4,38.5,42.4,44.9,47.2,48.6,48.8",20.0,999.0,999.0,999,999,0
999,999999,"110.4,113.3,115.7,116.4,117.1,119.1,120.6,120.8,122.1,151.2",19.1,999.0,999.0,999,999,0
999,999999,"81.8,85.4,89.7,94.8,131.1,101.8",17.5,999.0,999.0,999,999,0
999,999999,"64.5,68.0,69.7,72.1,74.9,79.0,79.3,83.1,84.5,85.5",28.8,999.0,999.0,999,999,0
999,999999,"112.0,113.3,118.7,121.9,122.9,125.0",12.0,999.0,999.0,999,999,0
999,999999,"147.4,148.9,148.9,150.2,149.0,149.6,151.1,154.0",34.9,999.0,999.0,999,999,0
999,999999,"148.5,52.3,55.8,56.9,55.9,57.1,62.0,63.7,65.5",28.6,999.0,999.0,999,999,0
999,999999,"106.3,109.1,110.6,113.0,115.4,116.2,118.5,120.0",12.3,999.0,999.0,999,999,0
999,999999,"63.8,65.0,65.8,67.2,68.9",17.1,999.0,999.0,999,999,0
999,999999,"47.3,52.7,56.0,56.3,56.3,60.9",18.5,999.0,999.0,999,999,0
999,999999,"113.3,114.2,112.0,112.8,111.8,110.5,111.4,111.4,113.2,114.6",15.6,999.0,999.0,999,999,0
999,999999,"44.5,44.7,45.4,46.5,46.3,47.4,48.2,53.7,55.0",15.3,999.0,999.0,999,999,0
999,999999,"103.3,106.2,107.8,110.4,113.1,114.9,115.8,116.0",32.9,999.0,999.0,999,999,0
999,999999,"68.8,71.3,69.4,69.5,70.6",18.0,999.0,999.0,999,999,0
999,999999,"125.4,127.8,127.9,130.9,130.2,133.2,135.6,137.8,140.1",23.4,999.0,999.0,999,999,0
999,999999,"119.2,121.1,123.1,124.6,122.6,123.4,110.7,127.7",23.8,999.0,999.0,999,999,0
999,999999,"47.6,48.3,50.7,52.3,55.8",27.8,999.0,999.0,999,999,0
999,999999,"38.8,39.6,186.9,47.6,51.0",18.5,999.0,999.0,999,999,0
999,999999,"75.2,78.3,81.6,85.7,19.6",12.6,999.0,999.0,999,999,0
999,999999,"49.9,54.9,55.5,57.5,58.4,63.5",30.9,999.0,999.0,999,999,0
999,999999,"13.6,13.3,18.1,19.4,20.8",13.4,999.0,999.0,999,999,0
999,999999,"134.0,24.2,139.4,142.9,141.7,142.5,144.8,147.2,145.9,147.6",34.8,999.0,999.0,999,999,0
999,999999,"121.3,125.1,126.2,129.6,131.1,133.2,135.6,134.8,135.3,135.3",33.9,999.0,999.0,999,999,0
999,999999,"118.3,120.3,122.0,122.3,121.2,119.2,122.8,124.9,125.4,124.1",21.6,999.0,999.0,999,999,0
999,999999,"92.1,94.7,97.3,98.2,97.7,97.3,102.4,103.9,104.3,107.0",13.7,999.0,999.0,999,999,0
999,999999,"127.4,131.5,132.5,135.2,137.9,138.3,139.5,144.6",32.3,999.0,999.0,999,999,0
999,999999,"105.3,106.8,107.2,107.8,109.0",27.9,999.0,999.0,999,999,0
999,999999,"19.5,21.9,26.6,29.3,31.7,36.0",17.4,999.0,999.0,999,999,0
999,999999,"93.7,95.6,98.4,97.2,98.3,96.9,97.0,98.3,101.2,101.4",25.1,999.0,999.0,999,999,0
999,999999,"133.9,134.2,132.6,135.2,139.9,141.6,143.5,145.2",33.2,999.0,999.0,999,999,0
999,999999,"113.6,112.7,115.3,117.8,120.8,118.9,126.1,123.6,124.6",32.2,999.0,999.0,999,999,0
999,999999,"36.2,36.9,154.0,39.4,41.9",26.8,999.0,999.0,999,999,0
999,999999,"95.3,96.4,100.5,103.9,108.7,108.2,108.4,112.0,113.4",30.1,999.0,999.0,999,999,0
999,999999,"103.1,107.4,108.6,109.2,111.1,111.6,112.8,113.2,114.4",22.9,999.0,999.0,999,999,0
999,999999,"60.8,62.7,63.9,64.4,64.3,66.4,68.1,70.8",18.4,999.0,999.0,999,999,0
999,999999,"110.9,111.2,114.4,114.6,116.4",12.9,999.0,999.0,999,999,0
999,999999,"124.5,126.7,126.8,128.6,130.3,135.2,136.3,139.2",20.8,999.0,999.0,999,999,0
999,999999,"71.4,72.1,73.0,75.8,77.5",32.3,999.0,999.0,999,999,0
999,999999,"38.9,40.5,175.2,45.1,52.4,53.5",11.7,999.0,999.0,999,999,0
999,999999,"98.2,101.6,103.4,105.0,107.8,154.7,114.1,117.8",24.2,999.0,999.0,999,999,0
999,999999,"96.8,99.5,99.7,102.1,102.3,103.9,104.2",16.0,999.0,999.0,999,999,0
999,999999,"100.5,100.9,102.5,114.3,113.7",28.9,999.0,999.0,999,999,0
999,999999,"107.6,109.0,110.4,112.1,114.1",12.7,999.0,999.0,999,999,0
999,999999,"107.1,109.6,111.3,112.0,28.0,112.9,113.6,116.6",12.0,999.0,999.0,999,999,0
999,999999,"1.8,3.6,5.6,6.4,10.2,8.2,9.2,11.9,17.6,18.4",11.2,999.0,999.0,999,999,0
999,999999,"78.3,79.3,80.6,85.1,88.3,90.6,90.2,21.1,92.4",16.1,999.0,999.0,999,999,0
999,999999,"102.8,101.6,101.1,103.3,106.0,107.2,109.3",30.6,999.0,999.0,999,999,0
999,999999,"71.1,71.3,71.6,76.2,83.8",32.6,999.0,999.0,999,999,0
999,999999,"96.6,98.6,101.9,104.2,104.3,103.9,105.0,109.8,111.8",19.6,999.0,999.0,999,999,0
999,999999,"17.9,19.8,23.4,21.7,22.1",10.1,999.0,999.0,999,999,0
999,999999,"17.0,18.4,19.7,19.5,23.0,25.0",11.9,999.0,999.0,999,999,0
999,999999,"110.9,111.1,114.7,116.5,118.8,121.3",12.8,999.0,999.0,999,999,0
999,999999,"113.0,113.6,117.0,116.1,117.6,117.2,117.5,119.4,121.8",32.6,999.0,999.0,999,999,0
999,999999,"111.2,45.0,47.7,52.3,52.8,54.2,55.8,57.3",10.9,999.0,999.0,999,999,0
999,999999,"57.7,59.0,60.5,58.8,61.8,63.4,67.2,70.8",27.3,999.0,999.0,999,999,0
999,999999,"106.8,108.8,111.5,115.2,115.9,117.2,116.2,117.8,117.3",10.4,999.0,999.0,999,999,0
999,999999,"87.9,88.5,89.3,90.8,95.2,98.1,103.0",21.9,999.0,999.0,999,999,0
999,999999,"88.5,87.5,90.9,95.9,96.8,97.7,94.6",14.6,999.0,999.0,999,999,0
999,999999,"76.3,77.4,78.1,78.3,77.3,77.2,79.9,83.1,84.4,84.2",11.6,999.0,999.0,999,999,0
999,999999,"45.1,45.5,51.3,53.3,52.5,54.9,55.4",31.2,999.0,999.0,999,999,0
999,999999,"53.8,54.9,55.9,57.6,21.4",20.4,999.0,999.0,999,999,0
999,999999,"102.3,103.7,102.4,103.8,106.2,108.2,109.8,111.7,112.4",10.4,999.0,999.0,999,999,0
999,999999,"110.0,113.7,117.0,27.4,118.4,117.4",31.6,999.0,999.0,999,999,0
999,999999,"70.8,69.9,70.4,72.1,76.3",25.3,999.0,999.0,999,999,0
999,999999,"122.0,124.2,126.6,127.4,131.8",16.2,999.0,999.0,999,999,0
999,999999,"109.6,108.3,109.4,114.0,115.2,115.3",21.2,999.0,999.0,999,999,0
999,999999,"46.8,49.8,51.6,54.8,55.5,57.9",16.3,999.0,999.0,999,999,0
999,999999,"45.7,47.2,53.7,55.6,57.5,59.3,62.5,62.9",28.3,999.0,999.0,999,999,0
999,999999,"93.0,95.5,97.3,98.6,99.7,101.6",13.0,999.0,999.0,999,999,0
999,999999,"31.1,31.5,34.9,37.1,39.0,39.1,23.5,39.1,38.5,40.6",28.5,999.0,999.0,999,999,0
999,999999,"41.7,42.7,44.0,46.6,46.3,47.2,50.4,53.4,53.1",32.1,999.0,999.0,999,999,0
999,999999,"121.5,125.5,124.3,127.5,132.5",12.8,999.0,999.0,999,999,0
999,999999,"68.3,69.7,73.8,79.2,87.6,91.6,93.7,94.5,100.9,104.9",10.4,999.0,999.0,999,999,0
999,999999,"55.1,122.1,55.7,56.8,58.8,59.2,60.2,60.9,67.1,66.3",29.9,999.0,999.0,999,999,0
999,999999,"133.7,136.4,102.2,137.0,139.2,142.3",21.0,999.0,999.0,999,999,0
999,999999,"121.4,122.9,122.8,125.1,127.5",13.5,999.0,999.0,999,999,0
999,999999,"120.8,119.4,123.1,125.0,126.4,128.2,130.5",25.8,999.0,999.0,999,999,0
999,999999,"49.3,51.1,55.0,56.0,56.8,57.7,63.2,61.7,61.4,62.5",33.9,999.0,999.0,999,999,0
999,999999,"111.1,116.4,117.1,120.7,124.0,122.9,122.4,127.1,128.9",22.2,999.0,999.0,999,999,0
999,999999,"185.9,120.4,119.5,121.8,123.7,124.9",21.0,999.0,999.0,999,999,0
999,999999,"147.4,147.9,150.9,153.2,153.4,150.3",27.1,999.0,999.0,999,999,0
999,999999,"22.5,23.8,24.2,25.1,24.8,29.9,31.0,31.5,33.4,33.9",22.1,999.0,999.0,999,999,0
999,999999,"128.8,128.2,129.2,130.5,131.1,132.8,137.1",28.3,999.0,999.0,999,999,0
999,999999,"117.0,118.3,119.5,121.2,120.9",24.1,999.0,999.0,999,999,0
999,999999,"43.0,42.7,44.7,46.7,47.3,47.4,26.7",22.2,999.0,999.0,999,999,0
999,999999,"59.3,61.1,64.9,62.6,61.1",24.1,999.0,999.0,999,999,0
999,999999,"100.9,100.4,102.9,105.6,105.2,103.4,103.9,106.3,107.2",29.2,999.0,999.0,999,999,0
999,999999,"41.6,44.1,43.9,48.1,48.5,47.9,47.4,48.9,49.6",25.4,999.0,999.0,999,999,0
999,999999,"51.1,52.4,54.8,56.4,57.1,57.0,132.0",12.9,999.0,999.0,999,999,0
999,999999,"23.0,63.6,62.1,63.2,62.5,64.1",29.9,999.0,999.0,999,999,0
999,999999,"88.5,90.4,94.0,99.5,100.8,102.3,102.0",23.9,999.0,999.0,999,999,0
999,999999,"41.7,40.2,43.2,43.4,44.7",21.1,999.0,999.0,999,999,0
999,999999,"74.3,78.5,76.5,79.3,82.0,86.3,87.8,89.2,92.3,96.1",16.8,999.0,999.0,999,999,0
999,999999,"144.5,146.4,151.1,154.9,156.8,158.4,157.3,158.1",31.4,999.0,999.0,999,999,0
999,999999,"115.2,117.8,118.2,121.7,122.5,125.1",26.4,999.0,999.0,999,999,0
999,999999,"79.9,80.5,81.0,80.0,78.9",34.4,999.0,999.0,999,999,0
999,999999,"25.0,54.9,58.5,60.8,62.1",22.2,999.0,999.0,999,999,0
999,999999,"18.3,19.7,22.3,22.1,27.3,30.1,31.0,23.4",24.7,999.0,999.0,999,999,0
999,999999,"36.4,38.7,39.4,41.6,41.9,41.6,44.9,52.3",11.9,999.0,999.0,999,999,0
999,999999,"120.4,123.3,124.5,129.0,129.2,131.8,133.6,133.2,136.7,136.8",20.8,999.0,999.0,999,999,0
999,999999,"143.3,27.1,153.1,152.8,153.5,152.2,102.4,153.2",35.0,999.0,999.0,999,999,0
999,999999,"85.8,92.0,184.4,96.0,101.3,101.7",24.1,999.0,999.0,999,999,0
999,999999,"127.2,130.0,131.0,132.0,132.6",19.0,999.0,999.0,999,999,0
999,999999,"107.9,108.7,111.5,113.5,113.7,112.8,116.8,116.5,119.2",25.1,999.0,999.0,999,999,0
999,999999,"125.7,35.5,38.5,15.9,43.3,43.5",21.6,999.0,999.0,999,999,0
999,999999,"49.8,49.3,50.4,53.3,50.0,53.4,51.4,54.0,59.3,59.7",31.3,999.0,999.0,999,999,0
999,999999,"80.5,81.7,83.1,84.1,86.4,86.2,91.1,93.5,96.6",17.9,999.0,999.0,999,999,0
999,999999,"127.4,129.1,132.8,135.1,136.5,172.8,139.3,141.5,141.8",34.4,999.0,999.0,999,999,0
999,999999,"126.8,128.9,130.4,131.7,132.5,133.8,136.8,139.7,140.9,142.1",26.7,999.0,999.0,999,999,0
999,999999,"133.5,134.6,137.2,138.4,140.6,141.4",26.8,999.0,999.0,999,999,0
999,999999,"110.1,111.0,110.8,111.6,114.5,114.8",29.7,999.0,999.0,999,999,0
999,999999,"123.6,137.3,139.2,145.3,145.6",32.7,999.0,999.0,999,999,0
999,999999,"95.6,98.6,98.7,101.5,101.9,106.8,111.3",17.4,999.0,999.0,999,999,0
999,999999,"79.6,80.3,79.0,80.1,81.5,83.7,84.2,87.2,89.6,90.5",32.7,999.0,999.0,999,999,0
999,999999,"53.7,54.3,57.7,59.4,60.5,62.7,65.2,64.7,64.2",21.1,999.0,999.0,999,999,0
999,999999,"0,0,1.8,4.8,5.2,14.2",9.9,999.0,999.0,999,999,0
999,999999,"84.5,86.6,88.6,92.5,94.3,94.8,97.5,99.3,101.1",21.8,999.0,999.0,999,999,0
999,999999,"8.8,7.4,9.6,11.0,12.6,14.4,17.3,19.6",16.0,999.0,999.0,999,999,0
999,999999,"22.5,22.8,26.3,30.5,30.2,30.0,30.6,32.4,31.6,33.3",14.5,999.0,999.0,999,999,0
999,999999,"48.0,49.1,50.7,51.6,52.2,51.1",10.3,999.0,999.0,999,999,0
999,999999,"70.4,72.3,70.9,15.3,67.8,67.9,68.0,70.4,72.7,74.7",20.3,999.0,999.0,999,999,0
999,999999,"69.4,70.7,70.0,71.7,72.5,73.1,72.0,75.0,75.2,76.2",24.4,999.0,999.0,999,999,0
999,999999,"122.0,125.7,125.7,129.4,129.3,132.2,133.9,138.4,139.6",32.9,999.0,999.0,999,999,0
999,999999,"32.8,34.0,35.9,33.5,35.2,35.8,38.6,38.2",20.3,999.0,999.0,999,999,0
999,999999,"129.0,132.8,133.9,135.4,135.8,139.4",32.9,999.0,999.0,999,999,0
999,999999,"25.9,30.6,28.0,29.8,33.2,162.9",23.5,999.0,999.0,999,999,0
999,999999,"5.2,6.2,8.2,10.4,11.7,16.9",11.9,999.0,999.0,999,999,0
999,999999,"104.5,106.0,106.5,108.1,106.6,107.9,106.4,107.5,109.9",13.7,999.0,999.0,999,999,0
999,999999,"96.2,97.0,97.9,99.8,103.7,107.2,111.0,113.1",29.7,999.0,999.0,999,999,0
999,999999,"126.0,127.5,129.5,131.7,133.6,134.5,135.1,135.7",24.3,999.0,999.0,999,999,0
999,999999,"34.0,113.8,40.6,42.7,42.5,44.2,46.9,46.9",21.5,999.0,999.0,999,999,0
999,999999,"126.0,126.3,128.7,130.5,131.8,131.5,133.6,139.7,131.8",34.0,999.0,999.0,999,999,0
999,999999,"30.7,33.5,35.3,37.4,41.8,42.6,43.8,44.7,46.2",29.2,999.0,999.0,999,999,0
999,999999,"25.1,123.1,28.6,17.4,32.6",13.6,999.0,999.0,999,999,0
999,999999,"91.6,91.7,95.2,113.2,97.2",16.0,999.0,999.0,999,999,0
999,999999,"106.7,109.9,109.7,127.6,114.4,113.5",21.2,999.0,999.0,999,999,0
999,999999,"97.3,100.3,105.9,107.6,109.1,110.1,111.2",18.9,999.0,999.0,999,999,0
999,999999,"31.4,34.0,39.1,41.1,41.5,40.1,38.7,38.1",28.4,999.0,999.0,999,999,0
999,999999,"85.3,88.6,90.3,91.3,92.5,94.2,97.5,102.1,105.3",10.8,999.0,999.0,999,999,0
999,999999,"25.6,24.5,25.8,180.8,28.7,29.6,30.4,30.8",21.0,999.0,999.0,999,999,0
999,999999,"21.3,23.8,25.0,25.4,29.1,31.5,34.3,36.1,37.6",19.1,999.0,999.0,999,999,0
999,999999,"68.1,66.5,67.9,69.2,70.1,69.8",18.6,999.0,999.0,999,999,0
999,999999,"121.2,120.9,122.0,123.5,124.9,126.3,126.2,127.9",25.5,999.0,999.0,999,999,0
999,999999,"118.6,121.6,122.6,122.5,122.7,124.2,124.2,125.8,129.8,130.5",24.7,999.0,999.0,999,999,0
999,999999,"126.9,97.9,101.9,102.7,103.1,101.7,103.6,104.6,105.6,108.5",27.7,999.0,999.0,999,999,0
999,999999,"20.0,26.0,28.8,31.4,36.3,35.6",23.9,999.0,999.0,999,999,0
999,999999,"109.9,110.8,114.3,114.9,116.9",28.4,999.0,999.0,999,999,0
999,999999,"79.8,81.0,82.7,83.5,81.2",29.5,999.0,999.0,999,999,0
999,999999,"81.8,83.4,85.0,85.2,89.1,90.5,94.2",11.4,999.0,999.0,999,999,0
999,999999,"63.0,61.5,62.5,64.0,61.5,62.2,27.6,64.2",22.9,999.0,999.0,999,999,0
999,999999,"115.1,115.8,117.5,119.9,124.7,128.5,129.8,130.8",20.3,999.0,999.0,999,999,0
999,999999,"114.1,114.4,117.5,119.7,123.1,121.2,123.0",17.9,999.0,999.0,999,999,0
999,999999,"105.6,105.5,105.2,108.1,111.0,112.1,161.6,112.8",14.1,999.0,999.0,999,999,0
999,999999,"8.7,11.4,10.9,12.4,15.5,16.0,16.4,18.9,21.1,25.8",16.9,999.0,999.0,999,999,0
999,999999,"126.2,131.9,134.8,136.5,138.5,138.9,142.4,145.0",26.9,999.0,999.0,999,999,0
999,999999,"62.1,58.2,57.5,57.9,58.9,58.3,59.4,62.7",31.4,999.0,999.0,999,999,0
999,999999,"54.1,55.6,56.9,60.6,62.5,61.9",15.1,999.0,999.0,999,999,0
999,999999,"23.4,23.9,24.3,26.2,29.5,32.9,37.0,38.9,42.8",31.9,999.0,999.0,999,999,0
999,999999,"132.9,134.4,137.4,140.4,141.6,142.1,142.8,144.0,147.2",30.3,999.0,999.0,999,999,0
999,999999,"21.1,22.5,29.1,119.5,27.7,28.4",15.0,999.0,999.0,999,999,0
999,999999,"67.1,69.1,71.5,74.7,75.2",27.0,999.0,999.0,999,999,0
999,999999,"128.9,132.6,132.8,134.4,135.3",24.5,999.0,999.0,999,999,0
999,999999,"31.0,32.0,28.8,32.0,33.6",24.4,999.0,999.0,999,999,0
999,999999,"120.6,122.4,124.7,126.1,127.6",24.2,999.0,999.0,999,999,0
999,999999,"74.6,77.2,79.6,81.0,82.8,84.5,84.5,85.6,85.5",30.2,999.0,999.0,999,999,0
999,999999,"56.0,56.5,57.6,58.7,58.7,60.0,61.0,60.5,62.4,61.5",13.6,999.0,999.0,999,999,0
999,999999,"88.5,89.9,90.1,93.0,95.4,98.4,101.8,103.6",22.4,999.0,999.0,999,999,0
999,999999,"5.5,7.8,9.0,12.2,13.2,17.0,22.8,26.8",21.5,999.0,999.0,999,999,0
999,999999,"91.3,92.0,94.0,96.5,99.5,102.0,102.2",20.0,999.0,999.0,999,999,0
999,999999,"97.4,100.7,102.9,127.1,104.1",24.4,999.0,999.0,999,999,0
999,999999,"115.6,121.0,124.0,124.1,124.7,129.0,128.8,130.8",34.1,999.0,999.0,999,999,0
999,999999,"28.7,29.3,32.0,37.3,36.0,36.1,37.4,42.8",29.2,999.0,999.0,999,999,0
999,999999,"89.4,89.4,91.6,92.9,93.7,93.6,95.1,18.5,97.5,100.3",19.5,999.0,999.0,999,999,0
999,999999,"40.3,38.4,42.3,41.1,41.8,43.5,44.4,47.8,49.7,51.9",25.4,999.0,999.0,999,999,0
999,999999,"123.1,125.4,127.4,128.6,133.5,136.9,135.7,137.5,140.0,141.7",21.9,999.0,999.0,999,999,0
999,999999,"102.3,103.9,106.6,108.2,108.6,111.0,109.6",28.7,999.0,999.0,999,999,0
999,999999,"28.2,101.9,107.7,107.7,110.0,111.4,113.1",30.0,999.0,999.0,999,999,0
999,999999,"19.5,110.9,110.5,110.4,116.1,116.5,116.1",35.0,999.0,999.0,999,999,0
999,999999,"15.1,14.7,18.8,19.9,21.2,21.9,24.9",15.8,999.0,999.0,999,999,0
999,999999,"38.4,42.4,49.3,51.6,51.4,49.4,48.2,50.9",15.3,999.0,999.0,999,999,0
999,999999,"10.8,11.1,12.7,16.8,16.0,16.7,141.8,23.6,23.4,26.3",20.4,999.0,999.0,999,999,0
999,999999,"31.7,30.8,32.3,33.3,34.3,37.0,39.7,42.0,45.0,46.5",23.5,999.0,999.0,999,999,0
999,999999,"27.7,30.5,32.4,31.8,30.3,31.4",24.7,999.0,999.0,999,999,0
999,999999,"160.7,18.6,18.5,20.6,18.5",13.4,999.0,999.0,999,999,0
999,999999,"112.3,114.2,119.6,120.2,120.8,126.0,128.1",22.7,999.0,999.0,999,999,0
999,999999,"39.4,41.1,42.9,44.1,43.8,45.5,48.9,47.9,47.4",15.6,999.0,999.0,999,999,0
999,999999,"127.5,128.6,133.0,134.1,135.2,136.7,148.1",32.2,999.0,999.0,999,999,0
999,999999,"60.3,60.3,61.2,61.6,66.5",27.2,999.0,999.0,999,999,0
999,999999,"99.8,102.3,104.3,109.7,113.4,114.7",32.1,999.0,999.0,999,999,0
999,999999,"137.5,138.5,141.4,142.3,144.5,145.3,147.7",22.8,999.0,999.0,999,999,0
999,999999,"34.4,38.9,39.0,42.5,43.9,49.4,49.2,49.0",26.7,999.0,999.0,999,999,0
999,999999,"11.4,13.7,14.8,17.1,17.3,14.1,15.8,20.3",13.9,999.0,999.0,999,999,0
999,999999,"60.8,61.8,63.3,66.3,64.4",29.2,999.0,999.0,999,999,0
999,999999,"65.4,63.5,63.7,64.0,66.8",22.8,999.0,999.0,999,999,0
999,999999,"49.9,53.4,54.6,53.6,56.7",13.9,999.0,999.0,999,999,0
999,999999,"41.3,42.4,45.1,46.8,52.4,52.5",20.8,999.0,999.0,999,999,0
999,999999,"25.1,22.1,22.6,23.4,176.0,24.2",14.8,999.0,999.0,999,999,0
999,999999,"33.5,36.2,39.0,40.7,43.6,43.2,45.7,45.1,47.2,49.0",24.3,999.0,999.0,999,999,0
999,999999,"35.1,40.3,43.1,46.1,108.4,51.3",19.0,999.0,999.0,999,999,0
999,999999,"94.9,98.2,101.1,102.3,103.6,103.9,107.5,109.3,108.5,112.0",21.5,999.0,999.0,999,999,0
999,999999,"126.7,128.2,129.2,130.4,134.7,142.1,143.7",28.2,999.0,999.0,999,999,0
999,999999,"28.6,6.0,10.6,10.6,15.4,15.8,19.3,21.2",15.5,999.0,999.0,999,999,0
999,999999,"35.0,35.9,38.3,37.9,36.8,37.4,38.4",28.2,999.0,999.0,999,999,0
999,999999,"44.0,46.0,48.2,50.0,56.2,61.8,64.6,64.5,67.0,67.3",34.1,999.0,999.0,999,999,0
999,999999,"46.2,48.9,49.6,52.6,54.5,55.1,56.8,59.6",33.2,999.0,999.0,999,999,0
999,999999,"53.2,55.0,59.0,147.3,63.7,68.1",27.2,999.0,999.0,999,999,0
999,999999,"136.3,138.6,143.0,144.8,145.5",33.7,999.0,999.0,999,999,0
999,999999,"34.3,32.8,35.4,40.0,41.3,43.1,44.0,46.4",15.8,999.0,999.0,999,999,0
999,999999,"123.9,137.1,138.1,141.0,140.6,141.2,29.4",26.8,999.0,999.0,999,999,0
999,999999,"106.1,109.3,111.6,117.9,25.9,120.2,123.5",24.0,999.0,999.0,999,999,0
999,999999,"141.0,140.7,140.7,143.5,145.0,144.6",29.7,999.0,999.0,999,999,0
999,999999,"49.4,51.8,53.4,54.0,58.6,59.0",10.4,999.0,999.0,999,999,0
999,999999,"142.5,148.0,149.2,148.6,153.9,22.3,159.9",32.8,999.0,999.0,999,999,0
999,999999,"132.7,132.6,134.3,135.3,135.9,135.6,29.3",21.4,999.0,999.0,999,999,0
999,999999,"99.0,103.5,102.9,16.4,107.7",21.6,999.0,999.0,999,999,0
999,999999,"32.9,33.9,36.6,39.1,40.4",20.1,999.0,999.0,999,999,0
999,999999,"138.2,138.7,140.7,139.3,141.7,143.1,145.7",32.4,999.0,999.0,999,999,0
999,999999,"42.6,44.0,46.3,45.3,46.0",25.3,999.0,999.0,999,999,0
999,999999,"23.9,28.9,32.7,33.8,38.4,40.7",24.7,999.0,999.0,999,999,0
999,999999,"106.2,108.7,110.5,110.4,110.1,28.6,113.5,111.2,110.7,111.8",22.8,999.0,999.0,999,999,0
999,999999,"53.0,54.0,56.2,60.5,65.0",13.1,999.0,999.0,999,999,0
999,999999,"37.5,39.1,41.3,44.6,49.1,50.5,51.8",26.4,999.0,999.0,999,999,0
999,999999,"128.4,129.7,129.7,130.0,132.0,134.2",20.7,999.0,999.0,999,999,0
999,999999,"40.9,43.2,45.8,45.3,44.4,45.5,47.5",22.3,999.0,999.0,999,999,0
999,999999,"40.2,42.7,44.0,166.8,48.5,49.7,52.6,54.9,56.7",17.5,999.0,999.0,999,999,0
999,999999,"116.9,116.8,115.6,116.5,18.1,121.3,121.7,122.8",23.4,999.0,999.0,999,999,0
999,999999,"71.3,71.8,73.8,76.0,76.6,76.3,76.9,79.4",30.1,999.0,999.0,999,999,0
999,999999,"75.1,78.5,80.8,81.0,85.6,86.5,88.1,89.2,90.6,94.3",14.2,999.0,999.0,999,999,0
999,999999,"187.9,62.4,65.7,68.4,72.6,75.4",31.1,999.0,999.0,999,999,0
999,999999,"103.0,102.8,99.9,155.9,101.3,105.7",16.2,999.0,999.0,999,999,0
999,999999,"52.5,52.6,56.1,58.4,59.3,150.4",13.1,999.0,999.0,999,999,0
999,999999,"121.3,127.0,128.6,166.8,131.6",18.8,999.0,999.0,999,999,0
999,999999,"143.7,147.2,149.1,150.3,152.9,154.2,157.9,162.8",34.6,999.0,999.0,999,999,0
999,999999,"109.3,111.6,115.2,119.4,121.5,122.5",28.4,999.0,999.0,999,999,0
999,999999,"33.2,36.8,39.0,39.8,43.8",23.5,999.0,999.0,999,999,0
999,999999,"139.7,139.3,138.2,143.6,146.7,145.5",26.3,999.0,999.0,999,999,0
999,999999,"82.6,85.2,92.0,97.1,101.4,103.2,102.6,101.7",11.3,999.0,999.0,999,999,0
999,999999,"88.7,89.5,89.1,88.1,90.6",13.2,999.0,999.0,999,999,0
999,999999,"97.2,100.4,104.7,107.5,106.0,107.3,107.3,108.7,109.1,110.1",12.9,999.0,999.0,999,999,0
999,999999,"130.1,131.7,134.9,137.2,138.5,21.5",26.6,999.0,999.0,999,999,0
999,999999,"126.7,127.8,129.5,129.9,131.5,132.2,133.3,135.8",24.4,999.0,999.0,999,999,0
999,999999,"41.7,43.2,44.1,43.8,47.8,47.7,50.8,51.3,53.0",24.8,999.0,999.0,999,999,0
999,999999,"50.9,52.5,54.6,53.4,54.8,56.2,57.5,59.2",18.7,999.0,999.0,999,999,0
999,999999,"139.6,142.1,139.3,144.5,146.3,147.2,148.3,150.1,152.8",32.1,999.0,999.0,999,999,0
999,999999,"125.0,129.4,133.9,134.6,165.6,136.1,137.2,140.9,141.1,142.6",19.4,999.0,999.0,999,999,0
999,999999,"124.3,124.5,128.0,126.6,125.9,127.0,127.8,128.2,134.1",15.0,999.0,999.0,999,999,0
999,999999,"116.4,116.5,117.1,117.0,119.1,116.1,116.7,122.6,123.7",34.0,999.0,999.0,999,999,0
999,999999,"72.5,73.5,76.5,77.7,79.6",33.4,999.0,999.0,999,999,0
